#
# There is insufficient memory for the Java Runtime Environment to continue.
# Native memory allocation (mmap) failed to map 232783872 bytes. Error detail: G1 virtual space
# Possible reasons:
#   The system is out of physical RAM or swap space
#   This process is running with CompressedOops enabled, and the Java Heap may be blocking the growth of the native heap
# Possible solutions:
#   Reduce memory load on the system
#   Increase physical memory or swap space
#   Check if swap backing store is full
#   Decrease Java heap size (-Xmx/-Xms)
#   Decrease number of Java threads
#   Decrease Java thread stack sizes (-Xss)
#   Set larger code cache with -XX:ReservedCodeCacheSize=
#   JVM is running with Unscaled Compressed Oops mode in which the Java heap is
#     placed in the first 4GB address space. The Java Heap base address is the
#     maximum limit for the native heap growth. Please use -XX:HeapBaseMinAddress
#     to set the Java Heap base and to place the Java Heap above 4GB virtual address.
# This output file may be truncated or incomplete.
#
#  Out of Memory Error (os_windows.cpp:3825), pid=37096, tid=29652
#
# JRE version: OpenJDK Runtime Environment (17.0.11) (build 17.0.11+0--11852314)
# Java VM: OpenJDK 64-Bit Server VM (17.0.11+0--11852314, mixed mode, tiered, compressed oops, compressed class ptrs, g1 gc, windows-amd64)
# No core dump will be written. Minidumps are not enabled by default on client versions of Windows
#

---------------  S U M M A R Y ------------

Command Line: --add-opens=java.base/java.util=ALL-UNNAMED --add-opens=java.base/java.lang=ALL-UNNAMED --add-opens=java.base/java.lang.invoke=ALL-UNNAMED --add-opens=java.prefs/java.util.prefs=ALL-UNNAMED --add-opens=java.base/java.nio.charset=ALL-UNNAMED --add-opens=java.base/java.net=ALL-UNNAMED --add-opens=java.base/java.util.concurrent.atomic=ALL-UNNAMED -Xmx2048m -Dfile.encoding=UTF-8 -Duser.country=ID -Duser.language=en -Duser.variant -javaagent:C:\Users\rtmori\.gradle\wrapper\dists\gradle-8.7-bin\bhs2wmbdwecv87pi65oeuq5iu\gradle-8.7\lib\agents\gradle-instrumentation-agent-8.7.jar org.gradle.launcher.daemon.bootstrap.GradleDaemon 8.7

Host: 13th Gen Intel(R) Core(TM) i5-13450HX, 16 cores, 19G,  Windows 11 , 64 bit Build 22621 (10.0.22621.4391)
Time: Wed Jan  1 12:23:07 2025 SE Asia Standard Time elapsed time: 583.152840 seconds (0d 0h 9m 43s)

---------------  T H R E A D  ---------------

Current thread (0x0000023d44069b40):  VMThread "VM Thread" [stack: 0x00000082dd200000,0x00000082dd300000] [id=29652]

Stack: [0x00000082dd200000,0x00000082dd300000]
Native frames: (J=compiled Java code, j=interpreted, Vv=VM code, C=native code)
V  [jvm.dll+0x687bb9]
V  [jvm.dll+0x84142a]
V  [jvm.dll+0x8430ae]
V  [jvm.dll+0x843713]
V  [jvm.dll+0x24a35f]
V  [jvm.dll+0x684989]
V  [jvm.dll+0x67923a]
V  [jvm.dll+0x30af0b]
V  [jvm.dll+0x3123b6]
V  [jvm.dll+0x361dfe]
V  [jvm.dll+0x36202f]
V  [jvm.dll+0x2e0d38]
V  [jvm.dll+0x2df144]
V  [jvm.dll+0x2de74c]
V  [jvm.dll+0x323381]
V  [jvm.dll+0x847e0b]
V  [jvm.dll+0x848b42]
V  [jvm.dll+0x84905d]
V  [jvm.dll+0x849434]
V  [jvm.dll+0x849500]
V  [jvm.dll+0x7efa4a]
V  [jvm.dll+0x686a35]
C  [ucrtbase.dll+0x29333]
C  [KERNEL32.DLL+0x1259d]
C  [ntdll.dll+0x5af38]

VM_Operation (0x00000082e49fc690): G1TryInitiateConcMark, mode: safepoint, requested by thread 0x0000023d55b42dc0


---------------  P R O C E S S  ---------------

Threads class SMR info:
_java_thread_list=0x0000023d552d7070, length=170, elements={
0x0000023d29a7ce80, 0x0000023d4404b820, 0x0000023d444742a0, 0x0000023d444b7040,
0x0000023d444b7b10, 0x0000023d444ba5e0, 0x0000023d444bafa0, 0x0000023d444bbd40,
0x0000023d444bc7f0, 0x0000023d444c7210, 0x0000023d44430130, 0x0000023d4474cff0,
0x0000023d4aaa1c90, 0x0000023d4b4e0750, 0x0000023d4b3a2500, 0x0000023d4af13810,
0x0000023d4af15160, 0x0000023d4af14740, 0x0000023d4b1d0db0, 0x0000023d4b1cef50,
0x0000023d4b1d3120, 0x0000023d4ca58b00, 0x0000023d5538d880, 0x0000023d4f5767d0,
0x0000023d4f574970, 0x0000023d55f5dd70, 0x0000023d4a1b9860, 0x0000023d550ebc50,
0x0000023d5582c7f0, 0x0000023d564b47e0, 0x0000023d550ec160, 0x0000023d4bafaec0,
0x0000023d4bafc810, 0x0000023d58e5f110, 0x0000023d4bafb3d0, 0x0000023d4bafb8e0,
0x0000023d4bafbdf0, 0x0000023d5538e2a0, 0x0000023d5538dd90, 0x0000023d55c96830,
0x0000023d55c96320, 0x0000023d55c944c0, 0x0000023d5582e650, 0x0000023d5582aea0,
0x0000023d5582d210, 0x0000023d5582b3b0, 0x0000023d5582b8c0, 0x0000023d5582bdd0,
0x0000023d5582cd00, 0x0000023d5582d720, 0x0000023d5582dc30, 0x0000023d5582e140,
0x0000023d57d88d10, 0x0000023d57d89730, 0x0000023d57d89c40, 0x0000023d55f6d920,
0x0000023d55f6fc90, 0x0000023d55f701a0, 0x0000023d55f6e850, 0x0000023d55f6e340,
0x0000023d55f5eca0, 0x0000023d55f6f270, 0x0000023d56e7aba0, 0x0000023d4d30ffb0,
0x0000023d4d30faa0, 0x0000023d4d3104c0, 0x0000023d4d30f590, 0x0000023d4d3109d0,
0x0000023d4d30f080, 0x0000023d5656b660, 0x0000023d5656dee0, 0x0000023d5656c080,
0x0000023d5656bb70, 0x0000023d5656ee10, 0x0000023d5656e3f0, 0x0000023d5656e900,
0x0000023d5656c590, 0x0000023d5656caa0, 0x0000023d4aeb69c0, 0x0000023d5656cfb0,
0x0000023d5656d4c0, 0x0000023d5656d9d0, 0x0000023d5583b0d0, 0x0000023d5583baf0,
0x0000023d5583d950, 0x0000023d5583b5e0, 0x0000023d5583de60, 0x0000023d5583e370,
0x0000023d5583ca20, 0x0000023d5583c510, 0x0000023d5583abc0, 0x0000023d5583c000,
0x0000023d5583cf30, 0x0000023d5583d440, 0x0000023d550ec670, 0x0000023d550ed090,
0x0000023d550ecb80, 0x0000023d550edfc0, 0x0000023d550edab0, 0x0000023d550ed5a0,
0x0000023d550ee4d0, 0x0000023d550ead20, 0x0000023d550eb230, 0x0000023d550eb740,
0x0000023d4a1b9350, 0x0000023d4a1b9d70, 0x0000023d4a1b8930, 0x0000023d4a1ba280,
0x0000023d4a1b8e40, 0x0000023d55b42dc0, 0x0000023d564b7060, 0x0000023d55c95e10,
0x0000023d55c949d0, 0x0000023d55c93aa0, 0x0000023d55c96d40, 0x0000023d55c94ee0,
0x0000023d4dffcbe0, 0x0000023d4dffb290, 0x0000023d4dffb7a0, 0x0000023d4dffc1c0,
0x0000023d4dffd0f0, 0x0000023d4dffbcb0, 0x0000023d4dffd600, 0x0000023d4dffc6d0,
0x0000023d4dffdb10, 0x0000023d4dffe020, 0x0000023d4caf40c0, 0x0000023d4caf2770,
0x0000023d4f30fa00, 0x0000023d4e936cd0, 0x0000023d4e934e70, 0x0000023d4b20b900,
0x0000023d4b20be50, 0x0000023d4e938110, 0x0000023d4e1f8430, 0x0000023d564b5200,
0x0000023d564b6640, 0x0000023d4caf3190, 0x0000023d58ad7690, 0x0000023d54550fd0,
0x0000023d4c3b2b20, 0x0000023d56dc8000, 0x0000023d55bd8e50, 0x0000023d55bdacb0,
0x0000023d55f5d860, 0x0000023d55f5f6c0, 0x0000023d55bd9360, 0x0000023d55bdc0f0,
0x0000023d564b5710, 0x0000023d564b7570, 0x0000023d564b4cf0, 0x0000023d564b5c20,
0x0000023d564b42d0, 0x0000023d564b6130, 0x0000023d564b3dc0, 0x0000023d56e58e10,
0x0000023d56e57ee0, 0x0000023d55b437e0, 0x0000023d55b43cf0, 0x0000023d55b432d0,
0x0000023d55b423a0, 0x0000023d56e579d0, 0x0000023d56e9bf50, 0x0000023d56e9c970,
0x0000023d55c93590, 0x0000023d55c93fb0, 0x0000023d55c953f0, 0x0000023d55c95900,
0x0000023d5544ac50, 0x0000023d55b428b0
}

Java Threads: ( => current thread )
  0x0000023d29a7ce80 JavaThread "main" [_thread_blocked, id=35400, stack(0x00000082dcc00000,0x00000082dcd00000)]
  0x0000023d4404b820 JavaThread "Reference Handler" daemon [_thread_blocked, id=30000, stack(0x00000082dd300000,0x00000082dd400000)]
  0x0000023d444742a0 JavaThread "Finalizer" daemon [_thread_blocked, id=29456, stack(0x00000082dd400000,0x00000082dd500000)]
  0x0000023d444b7040 JavaThread "Signal Dispatcher" daemon [_thread_blocked, id=34740, stack(0x00000082dd500000,0x00000082dd600000)]
  0x0000023d444b7b10 JavaThread "Attach Listener" daemon [_thread_blocked, id=28676, stack(0x00000082dd600000,0x00000082dd700000)]
  0x0000023d444ba5e0 JavaThread "Service Thread" daemon [_thread_blocked, id=10548, stack(0x00000082dd700000,0x00000082dd800000)]
  0x0000023d444bafa0 JavaThread "Monitor Deflation Thread" daemon [_thread_blocked, id=4464, stack(0x00000082dd800000,0x00000082dd900000)]
  0x0000023d444bbd40 JavaThread "C2 CompilerThread0" daemon [_thread_in_native, id=36220, stack(0x00000082dd900000,0x00000082dda00000)]
  0x0000023d444bc7f0 JavaThread "C1 CompilerThread0" daemon [_thread_blocked, id=1104, stack(0x00000082dda00000,0x00000082ddb00000)]
  0x0000023d444c7210 JavaThread "Sweeper thread" daemon [_thread_blocked, id=15720, stack(0x00000082ddb00000,0x00000082ddc00000)]
  0x0000023d44430130 JavaThread "Common-Cleaner" daemon [_thread_blocked, id=37088, stack(0x00000082ddc00000,0x00000082ddd00000)]
  0x0000023d4474cff0 JavaThread "Notification Thread" daemon [_thread_blocked, id=37828, stack(0x00000082ddf00000,0x00000082de000000)]
  0x0000023d4aaa1c90 JavaThread "Daemon health stats" [_thread_blocked, id=30928, stack(0x00000082dea00000,0x00000082deb00000)]
  0x0000023d4b4e0750 JavaThread "Incoming local TCP Connector on port 63958" [_thread_in_native, id=32840, stack(0x00000082deb00000,0x00000082dec00000)]
  0x0000023d4b3a2500 JavaThread "Daemon periodic checks" [_thread_blocked, id=30864, stack(0x00000082dec00000,0x00000082ded00000)]
  0x0000023d4af13810 JavaThread "Cache worker for journal cache (C:\Users\rtmori\.gradle\caches\journal-1)" [_thread_blocked, id=4024, stack(0x00000082dfc00000,0x00000082dfd00000)]
  0x0000023d4af15160 JavaThread "File lock request listener" [_thread_in_native, id=37048, stack(0x00000082dfd00000,0x00000082dfe00000)]
  0x0000023d4af14740 JavaThread "Cache worker for file hash cache (C:\Users\rtmori\.gradle\caches\8.7\fileHashes)" [_thread_blocked, id=31284, stack(0x00000082dfe00000,0x00000082dff00000)]
  0x0000023d4b1d0db0 JavaThread "File watcher server" daemon [_thread_blocked, id=36812, stack(0x00000082dde00000,0x00000082ddf00000)]
  0x0000023d4b1cef50 JavaThread "File watcher consumer" daemon [_thread_blocked, id=36852, stack(0x00000082de100000,0x00000082de200000)]
  0x0000023d4b1d3120 JavaThread "Cache worker for file content cache (C:\Users\rtmori\.gradle\caches\8.7\fileContent)" [_thread_blocked, id=15936, stack(0x00000082e0200000,0x00000082e0300000)]
  0x0000023d4ca58b00 JavaThread "Memory manager" [_thread_blocked, id=29312, stack(0x00000082e2600000,0x00000082e2700000)]
  0x0000023d5538d880 JavaThread "RMI Scheduler(0)" daemon [_thread_blocked, id=37512, stack(0x00000082e0100000,0x00000082e0200000)]
  0x0000023d4f5767d0 JavaThread "RMI GC Daemon" daemon [_thread_blocked, id=28564, stack(0x00000082e2700000,0x00000082e2800000)]
  0x0000023d4f574970 JavaThread "RMI TCP Accept-0" daemon [_thread_in_native, id=18400, stack(0x00000082e2800000,0x00000082e2900000)]
  0x0000023d55f5dd70 JavaThread "RMI Reaper" [_thread_blocked, id=37108, stack(0x00000082e6900000,0x00000082e6a00000)]
  0x0000023d4a1b9860 JavaThread "Cache worker for Java compile cache (C:\Users\rtmori\.gradle\caches\8.7\javaCompile)" [_thread_blocked, id=37212, stack(0x00000082ed200000,0x00000082ed300000)]
  0x0000023d550ebc50 JavaThread "ForkJoinPool.commonPool-worker-2" daemon [_thread_blocked, id=36104, stack(0x00000082ef000000,0x00000082ef100000)]
  0x0000023d5582c7f0 JavaThread "ForkJoinPool.commonPool-worker-4" daemon [_thread_blocked, id=31592, stack(0x00000082ef200000,0x00000082ef300000)]
  0x0000023d564b47e0 JavaThread "ForkJoinPool.commonPool-worker-12" daemon [_thread_blocked, id=37392, stack(0x00000082efa00000,0x00000082efb00000)]
  0x0000023d550ec160 JavaThread "ForkJoinPool.commonPool-worker-13" daemon [_thread_blocked, id=24996, stack(0x00000082efb00000,0x00000082efc00000)]
  0x0000023d4bafaec0 JavaThread "ForkJoinPool.commonPool-worker-14" daemon [_thread_blocked, id=7568, stack(0x00000082efc00000,0x00000082efd00000)]
  0x0000023d4bafc810 JavaThread "ForkJoinPool.commonPool-worker-15" daemon [_thread_blocked, id=31832, stack(0x00000082efd00000,0x00000082efe00000)]
  0x0000023d58e5f110 JavaThread "Daemon Thread 2" [_thread_blocked, id=22912, stack(0x00000082dc900000,0x00000082dca00000)]
  0x0000023d4bafb3d0 JavaThread "Handler for socket connection from /127.0.0.1:63958 to /127.0.0.1:64272" [_thread_in_native, id=8920, stack(0x00000082dca00000,0x00000082dcb00000)]
  0x0000023d4bafb8e0 JavaThread "Cancel handler" [_thread_blocked, id=28484, stack(0x00000082dcb00000,0x00000082dcc00000)]
  0x0000023d4bafbdf0 JavaThread "Daemon worker Thread 2" [_thread_blocked, id=17908, stack(0x00000082ddd00000,0x00000082dde00000)]
  0x0000023d5538e2a0 JavaThread "Asynchronous log dispatcher for DefaultDaemonConnection: socket connection from /127.0.0.1:63958 to /127.0.0.1:64272" [_thread_blocked, id=32412, stack(0x00000082de200000,0x00000082de300000)]
  0x0000023d5538dd90 JavaThread "Stdin handler" [_thread_blocked, id=4960, stack(0x00000082de900000,0x00000082dea00000)]
  0x0000023d55c96830 JavaThread "Daemon client event forwarder" [_thread_blocked, id=23248, stack(0x00000082ded00000,0x00000082dee00000)]
  0x0000023d55c96320 JavaThread "Cache worker for file hash cache (C:\Users\rtmori\Documents\GitHub\StudyPlanner\.gradle\8.7\fileHashes)" [_thread_blocked, id=34264, stack(0x00000082dee00000,0x00000082def00000)]
  0x0000023d55c944c0 JavaThread "Cache worker for checksums cache (C:\Users\rtmori\Documents\GitHub\StudyPlanner\.gradle\8.7\checksums)" [_thread_blocked, id=22404, stack(0x00000082def00000,0x00000082df000000)]
  0x0000023d5582e650 JavaThread "Cache worker for cache directory md-supplier (C:\Users\rtmori\.gradle\caches\8.7\md-supplier)" [_thread_blocked, id=32276, stack(0x00000082df000000,0x00000082df100000)]
  0x0000023d5582aea0 JavaThread "Cache worker for cache directory md-rule (C:\Users\rtmori\.gradle\caches\8.7\md-rule)" [_thread_blocked, id=29264, stack(0x00000082df100000,0x00000082df200000)]
  0x0000023d5582d210 JavaThread "Cache worker for Build Output Cleanup Cache (C:\Users\rtmori\Documents\GitHub\StudyPlanner\.gradle\buildOutputCleanup)" [_thread_blocked, id=37740, stack(0x00000082e0400000,0x00000082e0500000)]
  0x0000023d5582b3b0 JavaThread "Unconstrained build operations" [_thread_blocked, id=31724, stack(0x00000082e0600000,0x00000082e0700000)]
  0x0000023d5582b8c0 JavaThread "Unconstrained build operations Thread 2" [_thread_blocked, id=3940, stack(0x00000082e0700000,0x00000082e0800000)]
  0x0000023d5582bdd0 JavaThread "Unconstrained build operations Thread 3" [_thread_blocked, id=33200, stack(0x00000082e0800000,0x00000082e0900000)]
  0x0000023d5582cd00 JavaThread "Unconstrained build operations Thread 4" [_thread_blocked, id=25172, stack(0x00000082e0900000,0x00000082e0a00000)]
  0x0000023d5582d720 JavaThread "Unconstrained build operations Thread 5" [_thread_blocked, id=34800, stack(0x00000082e0a00000,0x00000082e0b00000)]
  0x0000023d5582dc30 JavaThread "Unconstrained build operations Thread 6" [_thread_blocked, id=14380, stack(0x00000082e0b00000,0x00000082e0c00000)]
  0x0000023d5582e140 JavaThread "Unconstrained build operations Thread 7" [_thread_blocked, id=12824, stack(0x00000082e0c00000,0x00000082e0d00000)]
  0x0000023d57d88d10 JavaThread "Unconstrained build operations Thread 8" [_thread_blocked, id=30512, stack(0x00000082e0d00000,0x00000082e0e00000)]
  0x0000023d57d89730 JavaThread "Unconstrained build operations Thread 9" [_thread_blocked, id=11628, stack(0x00000082e0e00000,0x00000082e0f00000)]
  0x0000023d57d89c40 JavaThread "Unconstrained build operations Thread 10" [_thread_blocked, id=29632, stack(0x00000082e0f00000,0x00000082e1000000)]
  0x0000023d55f6d920 JavaThread "Unconstrained build operations Thread 11" [_thread_blocked, id=11184, stack(0x00000082e1000000,0x00000082e1100000)]
  0x0000023d55f6fc90 JavaThread "Unconstrained build operations Thread 12" [_thread_blocked, id=6168, stack(0x00000082e1100000,0x00000082e1200000)]
  0x0000023d55f701a0 JavaThread "Unconstrained build operations Thread 13" [_thread_blocked, id=26840, stack(0x00000082e1200000,0x00000082e1300000)]
  0x0000023d55f6e850 JavaThread "Unconstrained build operations Thread 14" [_thread_blocked, id=33988, stack(0x00000082e1300000,0x00000082e1400000)]
  0x0000023d55f6e340 JavaThread "Unconstrained build operations Thread 15" [_thread_blocked, id=27832, stack(0x00000082e1400000,0x00000082e1500000)]
  0x0000023d55f5eca0 JavaThread "build event listener" [_thread_blocked, id=28580, stack(0x00000082e1500000,0x00000082e1600000)]
  0x0000023d55f6f270 JavaThread "build event listener" [_thread_blocked, id=29644, stack(0x00000082e1600000,0x00000082e1700000)]
  0x0000023d56e7aba0 JavaThread "included builds" [_thread_blocked, id=24812, stack(0x00000082e1700000,0x00000082e1800000)]
  0x0000023d4d30ffb0 JavaThread "Execution worker" [_thread_blocked, id=26900, stack(0x00000082e1800000,0x00000082e1900000)]
  0x0000023d4d30faa0 JavaThread "Execution worker Thread 2" [_thread_blocked, id=11948, stack(0x00000082e1900000,0x00000082e1a00000)]
  0x0000023d4d3104c0 JavaThread "Execution worker Thread 3" [_thread_blocked, id=11172, stack(0x00000082e1a00000,0x00000082e1b00000)]
  0x0000023d4d30f590 JavaThread "Execution worker Thread 4" [_thread_blocked, id=12028, stack(0x00000082e1b00000,0x00000082e1c00000)]
  0x0000023d4d3109d0 JavaThread "Execution worker Thread 5" [_thread_blocked, id=15452, stack(0x00000082e1c00000,0x00000082e1d00000)]
  0x0000023d4d30f080 JavaThread "Execution worker Thread 6" [_thread_blocked, id=7840, stack(0x00000082e1d00000,0x00000082e1e00000)]
  0x0000023d5656b660 JavaThread "Execution worker Thread 7" [_thread_blocked, id=15648, stack(0x00000082e1e00000,0x00000082e1f00000)]
  0x0000023d5656dee0 JavaThread "Execution worker Thread 8" [_thread_blocked, id=21516, stack(0x00000082e1f00000,0x00000082e2000000)]
  0x0000023d5656c080 JavaThread "Execution worker Thread 9" [_thread_blocked, id=23844, stack(0x00000082e2000000,0x00000082e2100000)]
  0x0000023d5656bb70 JavaThread "Execution worker Thread 10" [_thread_blocked, id=32452, stack(0x00000082e2100000,0x00000082e2200000)]
  0x0000023d5656ee10 JavaThread "Execution worker Thread 11" [_thread_blocked, id=25996, stack(0x00000082e2200000,0x00000082e2300000)]
  0x0000023d5656e3f0 JavaThread "Execution worker Thread 12" [_thread_blocked, id=12068, stack(0x00000082e2300000,0x00000082e2400000)]
  0x0000023d5656e900 JavaThread "Execution worker Thread 13" [_thread_blocked, id=9536, stack(0x00000082e2400000,0x00000082e2500000)]
  0x0000023d5656c590 JavaThread "Execution worker Thread 14" [_thread_blocked, id=32604, stack(0x00000082e2500000,0x00000082e2600000)]
  0x0000023d5656caa0 JavaThread "Execution worker Thread 15" [_thread_blocked, id=34420, stack(0x00000082e2900000,0x00000082e2a00000)]
  0x0000023d4aeb69c0 JavaThread "Cache worker for execution history cache (C:\Users\rtmori\Documents\GitHub\StudyPlanner\.gradle\8.7\executionHistory)" [_thread_blocked, id=18000, stack(0x00000082e2a00000,0x00000082e2b00000)]
  0x0000023d5656cfb0 JavaThread "Unconstrained build operations Thread 16" [_thread_blocked, id=29332, stack(0x00000082e2b00000,0x00000082e2c00000)]
  0x0000023d5656d4c0 JavaThread "Unconstrained build operations Thread 17" [_thread_blocked, id=35464, stack(0x00000082e2c00000,0x00000082e2d00000)]
  0x0000023d5656d9d0 JavaThread "Unconstrained build operations Thread 18" [_thread_blocked, id=19208, stack(0x00000082e2d00000,0x00000082e2e00000)]
  0x0000023d5583b0d0 JavaThread "Unconstrained build operations Thread 19" [_thread_blocked, id=18584, stack(0x00000082e2e00000,0x00000082e2f00000)]
  0x0000023d5583baf0 JavaThread "Unconstrained build operations Thread 20" [_thread_blocked, id=35224, stack(0x00000082e2f00000,0x00000082e3000000)]
  0x0000023d5583d950 JavaThread "Unconstrained build operations Thread 21" [_thread_blocked, id=37032, stack(0x00000082e3000000,0x00000082e3100000)]
  0x0000023d5583b5e0 JavaThread "Unconstrained build operations Thread 22" [_thread_blocked, id=23244, stack(0x00000082e3100000,0x00000082e3200000)]
  0x0000023d5583de60 JavaThread "Unconstrained build operations Thread 23" [_thread_blocked, id=29132, stack(0x00000082e3200000,0x00000082e3300000)]
  0x0000023d5583e370 JavaThread "Unconstrained build operations Thread 24" [_thread_blocked, id=34612, stack(0x00000082e3300000,0x00000082e3400000)]
  0x0000023d5583ca20 JavaThread "Unconstrained build operations Thread 25" [_thread_blocked, id=5808, stack(0x00000082e3400000,0x00000082e3500000)]
  0x0000023d5583c510 JavaThread "Unconstrained build operations Thread 26" [_thread_blocked, id=17904, stack(0x00000082e3500000,0x00000082e3600000)]
  0x0000023d5583abc0 JavaThread "Unconstrained build operations Thread 27" [_thread_blocked, id=28472, stack(0x00000082e3600000,0x00000082e3700000)]
  0x0000023d5583c000 JavaThread "Unconstrained build operations Thread 28" [_thread_blocked, id=15600, stack(0x00000082e3700000,0x00000082e3800000)]
  0x0000023d5583cf30 JavaThread "Unconstrained build operations Thread 29" [_thread_blocked, id=6428, stack(0x00000082e3800000,0x00000082e3900000)]
  0x0000023d5583d440 JavaThread "Unconstrained build operations Thread 30" [_thread_blocked, id=29440, stack(0x00000082e3900000,0x00000082e3a00000)]
  0x0000023d550ec670 JavaThread "Unconstrained build operations Thread 31" [_thread_blocked, id=37544, stack(0x00000082e3a00000,0x00000082e3b00000)]
  0x0000023d550ed090 JavaThread "Unconstrained build operations Thread 32" [_thread_blocked, id=26872, stack(0x00000082e3b00000,0x00000082e3c00000)]
  0x0000023d550ecb80 JavaThread "Unconstrained build operations Thread 33" [_thread_blocked, id=19960, stack(0x00000082e3c00000,0x00000082e3d00000)]
  0x0000023d550edfc0 JavaThread "Unconstrained build operations Thread 34" [_thread_blocked, id=36684, stack(0x00000082e3d00000,0x00000082e3e00000)]
  0x0000023d550edab0 JavaThread "Unconstrained build operations Thread 35" [_thread_blocked, id=12692, stack(0x00000082e3e00000,0x00000082e3f00000)]
  0x0000023d550ed5a0 JavaThread "Unconstrained build operations Thread 36" [_thread_blocked, id=13168, stack(0x00000082e3f00000,0x00000082e4000000)]
  0x0000023d550ee4d0 JavaThread "Unconstrained build operations Thread 37" [_thread_blocked, id=8476, stack(0x00000082e4000000,0x00000082e4100000)]
  0x0000023d550ead20 JavaThread "Unconstrained build operations Thread 38" [_thread_blocked, id=28752, stack(0x00000082e4100000,0x00000082e4200000)]
  0x0000023d550eb230 JavaThread "Unconstrained build operations Thread 39" [_thread_blocked, id=4744, stack(0x00000082e4200000,0x00000082e4300000)]
  0x0000023d550eb740 JavaThread "Unconstrained build operations Thread 40" [_thread_blocked, id=30884, stack(0x00000082e4300000,0x00000082e4400000)]
  0x0000023d4a1b9350 JavaThread "Unconstrained build operations Thread 41" [_thread_blocked, id=18876, stack(0x00000082e4400000,0x00000082e4500000)]
  0x0000023d4a1b9d70 JavaThread "Unconstrained build operations Thread 42" [_thread_blocked, id=37332, stack(0x00000082e4500000,0x00000082e4600000)]
  0x0000023d4a1b8930 JavaThread "Unconstrained build operations Thread 43" [_thread_blocked, id=18996, stack(0x00000082e4600000,0x00000082e4700000)]
  0x0000023d4a1ba280 JavaThread "Unconstrained build operations Thread 44" [_thread_blocked, id=13448, stack(0x00000082e4700000,0x00000082e4800000)]
  0x0000023d4a1b8e40 JavaThread "Unconstrained build operations Thread 45" [_thread_blocked, id=14268, stack(0x00000082e4800000,0x00000082e4900000)]
  0x0000023d55b42dc0 JavaThread "WorkerExecutor Queue" [_thread_blocked, id=21136, stack(0x00000082e4900000,0x00000082e4a00000)]
  0x0000023d564b7060 JavaThread "WorkerExecutor Queue Thread 2" [_thread_blocked, id=29508, stack(0x00000082e4a00000,0x00000082e4b00000)]
  0x0000023d55c95e10 JavaThread "Unconstrained build operations Thread 46" [_thread_blocked, id=36808, stack(0x00000082e4b00000,0x00000082e4c00000)]
  0x0000023d55c949d0 JavaThread "Unconstrained build operations Thread 47" [_thread_blocked, id=37060, stack(0x00000082e4c00000,0x00000082e4d00000)]
  0x0000023d55c93aa0 JavaThread "Unconstrained build operations Thread 48" [_thread_blocked, id=12900, stack(0x00000082e4d00000,0x00000082e4e00000)]
  0x0000023d55c96d40 JavaThread "Unconstrained build operations Thread 49" [_thread_blocked, id=36156, stack(0x00000082e4e00000,0x00000082e4f00000)]
  0x0000023d55c94ee0 JavaThread "Unconstrained build operations Thread 50" [_thread_blocked, id=7340, stack(0x00000082e4f00000,0x00000082e5000000)]
  0x0000023d4dffcbe0 JavaThread "Unconstrained build operations Thread 51" [_thread_blocked, id=7764, stack(0x00000082e5000000,0x00000082e5100000)]
  0x0000023d4dffb290 JavaThread "Unconstrained build operations Thread 52" [_thread_blocked, id=26884, stack(0x00000082e5100000,0x00000082e5200000)]
  0x0000023d4dffb7a0 JavaThread "Unconstrained build operations Thread 53" [_thread_blocked, id=24652, stack(0x00000082e5200000,0x00000082e5300000)]
  0x0000023d4dffc1c0 JavaThread "Unconstrained build operations Thread 54" [_thread_blocked, id=28932, stack(0x00000082e5300000,0x00000082e5400000)]
  0x0000023d4dffd0f0 JavaThread "Unconstrained build operations Thread 55" [_thread_blocked, id=15444, stack(0x00000082e5400000,0x00000082e5500000)]
  0x0000023d4dffbcb0 JavaThread "Unconstrained build operations Thread 56" [_thread_blocked, id=14080, stack(0x00000082e5500000,0x00000082e5600000)]
  0x0000023d4dffd600 JavaThread "Unconstrained build operations Thread 57" [_thread_blocked, id=16504, stack(0x00000082e5600000,0x00000082e5700000)]
  0x0000023d4dffc6d0 JavaThread "Unconstrained build operations Thread 58" [_thread_blocked, id=30084, stack(0x00000082e5700000,0x00000082e5800000)]
  0x0000023d4dffdb10 JavaThread "Unconstrained build operations Thread 59" [_thread_blocked, id=29356, stack(0x00000082e5800000,0x00000082e5900000)]
  0x0000023d4dffe020 JavaThread "Unconstrained build operations Thread 60" [_thread_blocked, id=36092, stack(0x00000082e5900000,0x00000082e5a00000)]
  0x0000023d4caf40c0 JavaThread "Unconstrained build operations Thread 61" [_thread_blocked, id=26556, stack(0x00000082e5a00000,0x00000082e5b00000)]
  0x0000023d4caf2770 JavaThread "WorkerExecutor Queue Thread 3" [_thread_blocked, id=36764, stack(0x00000082e5b00000,0x00000082e5c00000)]
  0x0000023d4f30fa00 JavaThread "pool-7-thread-1" [_thread_blocked, id=34752, stack(0x00000082e5c00000,0x00000082e5d00000)]
  0x0000023d4e936cd0 JavaThread "stderr" [_thread_in_native, id=1552, stack(0x00000082e5d00000,0x00000082e5e00000)]
  0x0000023d4e934e70 JavaThread "stdout" [_thread_in_native, id=3728, stack(0x00000082e5e00000,0x00000082e5f00000)]
  0x0000023d4b20b900 JavaThread "C1 CompilerThread1" daemon [_thread_blocked, id=8592, stack(0x00000082dff00000,0x00000082e0000000)]
  0x0000023d4b20be50 JavaThread "C1 CompilerThread2" daemon [_thread_blocked, id=36336, stack(0x00000082e0000000,0x00000082e0100000)]
  0x0000023d4e938110 JavaThread "Unconstrained build operations Thread 62" [_thread_blocked, id=3600, stack(0x00000082e0300000,0x00000082e0400000)]
  0x0000023d4e1f8430 JavaThread "C1 CompilerThread3" daemon [_thread_blocked, id=25952, stack(0x00000082e5f00000,0x00000082e6000000)]
  0x0000023d564b5200 JavaThread "Unconstrained build operations Thread 63" [_thread_blocked, id=26772, stack(0x00000082e6000000,0x00000082e6100000)]
  0x0000023d564b6640 JavaThread "Unconstrained build operations Thread 64" [_thread_blocked, id=12212, stack(0x00000082e6100000,0x00000082e6200000)]
  0x0000023d4caf3190 JavaThread "WorkerExecutor Queue Thread 4" [_thread_blocked, id=34168, stack(0x00000082e6200000,0x00000082e6300000)]
  0x0000023d58ad7690 JavaThread "RMI TCP Connection(3)-127.0.0.1" daemon [_thread_in_native, id=12772, stack(0x00000082e6400000,0x00000082e6500000)]
  0x0000023d54550fd0 JavaThread "RMI TCP Connection(4)-127.0.0.1" daemon [_thread_in_native, id=17192, stack(0x00000082e6500000,0x00000082e6600000)]
  0x0000023d4c3b2b20 JavaThread "C2 CompilerThread1" daemon [_thread_blocked, id=31716, stack(0x00000082df200000,0x00000082df300000)]
  0x0000023d56dc8000 JavaThread "C2 CompilerThread2" daemon [_thread_blocked, id=10232, stack(0x00000082df300000,0x00000082df400000)]
  0x0000023d55bd8e50 JavaThread "Build operations" [_thread_blocked, id=24716, stack(0x00000082e0500000,0x00000082e0600000)]
  0x0000023d55bdacb0 JavaThread "Build operations Thread 2" [_thread_blocked, id=7788, stack(0x00000082e6600000,0x00000082e6700000)]
  0x0000023d55f5d860 JavaThread "Build operations Thread 3" [_thread_blocked, id=37268, stack(0x00000082e6700000,0x00000082e6800000)]
  0x0000023d55f5f6c0 JavaThread "Build operations Thread 4" [_thread_blocked, id=37688, stack(0x00000082e6800000,0x00000082e6900000)]
  0x0000023d55bd9360 JavaThread "Build operations Thread 5" [_thread_blocked, id=28884, stack(0x00000082e6a00000,0x00000082e6b00000)]
  0x0000023d55bdc0f0 JavaThread "Build operations Thread 6" [_thread_blocked, id=30648, stack(0x00000082e7100000,0x00000082e7200000)]
  0x0000023d564b5710 JavaThread "Build operations Thread 7" [_thread_blocked, id=27028, stack(0x00000082e7200000,0x00000082e7300000)]
  0x0000023d564b7570 JavaThread "Build operations Thread 8" [_thread_blocked, id=29448, stack(0x00000082e7300000,0x00000082e7400000)]
  0x0000023d564b4cf0 JavaThread "Build operations Thread 9" [_thread_blocked, id=28100, stack(0x00000082e7400000,0x00000082e7500000)]
  0x0000023d564b5c20 JavaThread "Build operations Thread 10" [_thread_blocked, id=24624, stack(0x00000082e7500000,0x00000082e7600000)]
  0x0000023d564b42d0 JavaThread "Build operations Thread 11" [_thread_blocked, id=34404, stack(0x00000082e7600000,0x00000082e7700000)]
  0x0000023d564b6130 JavaThread "Build operations Thread 12" [_thread_blocked, id=32628, stack(0x00000082e7700000,0x00000082e7800000)]
  0x0000023d564b3dc0 JavaThread "Build operations Thread 13" [_thread_blocked, id=28808, stack(0x00000082e7800000,0x00000082e7900000)]
  0x0000023d56e58e10 JavaThread "Build operations Thread 14" [_thread_blocked, id=25644, stack(0x00000082e7900000,0x00000082e7a00000)]
  0x0000023d56e57ee0 JavaThread "Build operations Thread 15" [_thread_blocked, id=34884, stack(0x00000082e7a00000,0x00000082e7b00000)]
  0x0000023d55b437e0 JavaThread "WorkerExecutor Queue Thread 5" [_thread_blocked, id=4992, stack(0x00000082e7b00000,0x00000082e7c00000)]
  0x0000023d55b43cf0 JavaThread "WorkerExecutor Queue Thread 6" [_thread_blocked, id=37652, stack(0x00000082e7c00000,0x00000082e7d00000)]
  0x0000023d55b432d0 JavaThread "WorkerExecutor Queue Thread 7" [_thread_blocked, id=27924, stack(0x00000082e7d00000,0x00000082e7e00000)]
  0x0000023d55b423a0 JavaThread "WorkerExecutor Queue Thread 8" [_thread_blocked, id=30616, stack(0x00000082e7e00000,0x00000082e7f00000)]
  0x0000023d56e579d0 JavaThread "WorkerExecutor Queue Thread 9" [_thread_blocked, id=24060, stack(0x00000082e7f00000,0x00000082e8000000)]
  0x0000023d56e9bf50 JavaThread "WorkerExecutor Queue Thread 10" [_thread_blocked, id=34996, stack(0x00000082e8000000,0x00000082e8100000)]
  0x0000023d56e9c970 JavaThread "WorkerExecutor Queue Thread 11" [_thread_blocked, id=13752, stack(0x00000082e8100000,0x00000082e8200000)]
  0x0000023d55c93590 JavaThread "WorkerExecutor Queue Thread 12" [_thread_blocked, id=1748, stack(0x00000082e8200000,0x00000082e8300000)]
  0x0000023d55c93fb0 JavaThread "WorkerExecutor Queue Thread 13" [_thread_blocked, id=37148, stack(0x00000082e8300000,0x00000082e8400000)]
  0x0000023d55c953f0 JavaThread "WorkerExecutor Queue Thread 14" [_thread_blocked, id=8532, stack(0x00000082e8400000,0x00000082e8500000)]
  0x0000023d55c95900 JavaThread "WorkerExecutor Queue Thread 15" [_thread_blocked, id=16860, stack(0x00000082e8500000,0x00000082e8600000)]
  0x0000023d5544ac50 JavaThread "WorkerExecutor Queue Thread 16" [_thread_blocked, id=26740, stack(0x00000082e8600000,0x00000082e8700000)]
  0x0000023d55b428b0 JavaThread "WorkerExecutor Queue Thread 17" [_thread_blocked, id=35312, stack(0x00000082e8700000,0x00000082e8800000)]

Other Threads:
=>0x0000023d44069b40 VMThread "VM Thread" [stack: 0x00000082dd200000,0x00000082dd300000] [id=29652]
  0x0000023d4474d4d0 WatcherThread [stack: 0x00000082de000000,0x00000082de100000] [id=36072]
  0x0000023d29ad88d0 GCTaskThread "GC Thread#0" [stack: 0x00000082dcd00000,0x00000082dce00000] [id=37280]
  0x0000023d4a140970 GCTaskThread "GC Thread#1" [stack: 0x00000082de300000,0x00000082de400000] [id=36876]
  0x0000023d4a140c30 GCTaskThread "GC Thread#2" [stack: 0x00000082de400000,0x00000082de500000] [id=37812]
  0x0000023d49f4e8f0 GCTaskThread "GC Thread#3" [stack: 0x00000082de500000,0x00000082de600000] [id=37704]
  0x0000023d49f4ebb0 GCTaskThread "GC Thread#4" [stack: 0x00000082de600000,0x00000082de700000] [id=33460]
  0x0000023d49f59dc0 GCTaskThread "GC Thread#5" [stack: 0x00000082de700000,0x00000082de800000] [id=35912]
  0x0000023d49f5a080 GCTaskThread "GC Thread#6" [stack: 0x00000082de800000,0x00000082de900000] [id=3288]
  0x0000023d4a02e730 GCTaskThread "GC Thread#7" [stack: 0x00000082df400000,0x00000082df500000] [id=27704]
  0x0000023d4a02e9f0 GCTaskThread "GC Thread#8" [stack: 0x00000082df500000,0x00000082df600000] [id=35996]
  0x0000023d4a02def0 GCTaskThread "GC Thread#9" [stack: 0x00000082df600000,0x00000082df700000] [id=19236]
  0x0000023d4a02ef70 GCTaskThread "GC Thread#10" [stack: 0x00000082df700000,0x00000082df800000] [id=37416]
  0x0000023d4a02ecb0 GCTaskThread "GC Thread#11" [stack: 0x00000082df800000,0x00000082df900000] [id=29140]
  0x0000023d4a02d970 GCTaskThread "GC Thread#12" [stack: 0x00000082df900000,0x00000082dfa00000] [id=35100]
  0x0000023d29ae9820 ConcurrentGCThread "G1 Main Marker" [stack: 0x00000082dce00000,0x00000082dcf00000] [id=8684]
  0x0000023d29aea240 ConcurrentGCThread "G1 Conc#0" [stack: 0x00000082dcf00000,0x00000082dd000000] [id=12316]
  0x0000023d4a02dc30 ConcurrentGCThread "G1 Conc#1" [stack: 0x00000082dfa00000,0x00000082dfb00000] [id=33228]
  0x0000023d4a02d3f0 ConcurrentGCThread "G1 Conc#2" [stack: 0x00000082dfb00000,0x00000082dfc00000] [id=28728]
  0x0000023d29b2e320 ConcurrentGCThread "G1 Refine#0" [stack: 0x00000082dd000000,0x00000082dd100000] [id=33360]
  0x0000023d4cf84360 ConcurrentGCThread "G1 Refine#1" [stack: 0x00000082e6b00000,0x00000082e6c00000] [id=29680]
  0x0000023d4ca476c0 ConcurrentGCThread "G1 Refine#2" [stack: 0x00000082e6c00000,0x00000082e6d00000] [id=4968]
  0x0000023d4ca479b0 ConcurrentGCThread "G1 Refine#3" [stack: 0x00000082e6d00000,0x00000082e6e00000] [id=37412]
  0x0000023d4cab5590 ConcurrentGCThread "G1 Refine#4" [stack: 0x00000082e6e00000,0x00000082e6f00000] [id=34840]
  0x0000023d4cab5880 ConcurrentGCThread "G1 Refine#5" [stack: 0x00000082e6f00000,0x00000082e7000000] [id=28872]
  0x0000023d4cab6440 ConcurrentGCThread "G1 Refine#6" [stack: 0x00000082e7000000,0x00000082e7100000] [id=35568]
  0x0000023d43f7ff10 ConcurrentGCThread "G1 Service" [stack: 0x00000082dd100000,0x00000082dd200000] [id=28468]

Threads with active compile tasks:
C2 CompilerThread0   583165 28809       4       com.android.tools.r8.internal.Da::a (1175 bytes)
C2 CompilerThread1   583165 28698       4       org.gradle.api.internal.tasks.compile.incremental.serialization.HierarchicalNameSerializer::write (7 bytes)
C2 CompilerThread2   583165 28696       4       org.gradle.api.internal.tasks.compile.incremental.serialization.HierarchicalNameSerializer::writeName (88 bytes)

VM state: at safepoint (normal execution)

VM Mutex/Monitor currently owned by a thread:  ([mutex/lock_event])
[0x0000023d29a78b60] Threads_lock - owner thread: 0x0000023d44069b40
[0x0000023d29a79070] Heap_lock - owner thread: 0x0000023d55b42dc0

Heap address: 0x0000000080000000, size: 2048 MB, Compressed Oops mode: 32-bit

CDS archive(s) not mapped
Compressed class space mapped at: 0x0000000100000000-0x0000000140000000, reserved size: 1073741824
Narrow klass base: 0x0000000000000000, Narrow klass shift: 3, Narrow klass range: 0x140000000

GC Precious Log:
 CPUs: 16 total, 16 available
 Memory: 20255M
 Large Page Support: Disabled
 NUMA Support: Disabled
 Compressed Oops: Enabled (32-bit)
 Heap Region Size: 1M
 Heap Min Capacity: 8M
 Heap Initial Capacity: 318M
 Heap Max Capacity: 2G
 Pre-touch: Disabled
 Parallel Workers: 13
 Concurrent Workers: 3
 Concurrent Refinement Workers: 13
 Periodic GC: Disabled

Heap:
 garbage-first heap   total 407552K, used 153689K [0x0000000080000000, 0x0000000100000000)
  region size 1024K, 6 young (6144K), 6 survivors (6144K)
 Metaspace       used 164460K, committed 165568K, reserved 1245184K
  class space    used 22920K, committed 23488K, reserved 1048576K

Heap Regions: E=young(eden), S=young(survivor), O=old, HS=humongous(starts), HC=humongous(continues), CS=collection set, F=free, OA=open archive, CA=closed archive, TAMS=top-at-mark-start (previous, next)
|   0|0x0000000080000000, 0x0000000080100000, 0x0000000080100000|100%|HS|  |TAMS 0x0000000080100000, 0x0000000080100000| Complete 
|   1|0x0000000080100000, 0x0000000080200000, 0x0000000080200000|100%|HC|  |TAMS 0x0000000080200000, 0x0000000080200000| Complete 
|   2|0x0000000080200000, 0x0000000080300000, 0x0000000080300000|100%|HC|  |TAMS 0x0000000080300000, 0x0000000080300000| Complete 
|   3|0x0000000080300000, 0x0000000080400000, 0x0000000080400000|100%|HC|  |TAMS 0x0000000080400000, 0x0000000080400000| Complete 
|   4|0x0000000080400000, 0x0000000080500000, 0x0000000080500000|100%| O|  |TAMS 0x0000000080500000, 0x0000000080500000| Untracked 
|   5|0x0000000080500000, 0x0000000080600000, 0x0000000080600000|100%| O|  |TAMS 0x0000000080600000, 0x0000000080600000| Untracked 
|   6|0x0000000080600000, 0x0000000080700000, 0x0000000080700000|100%| O|  |TAMS 0x0000000080700000, 0x0000000080700000| Untracked 
|   7|0x0000000080700000, 0x0000000080800000, 0x0000000080800000|100%| O|  |TAMS 0x0000000080800000, 0x0000000080800000| Untracked 
|   8|0x0000000080800000, 0x0000000080900000, 0x0000000080900000|100%| O|  |TAMS 0x0000000080900000, 0x0000000080900000| Untracked 
|   9|0x0000000080900000, 0x0000000080a00000, 0x0000000080a00000|100%| O|  |TAMS 0x0000000080a00000, 0x0000000080a00000| Untracked 
|  10|0x0000000080a00000, 0x0000000080b00000, 0x0000000080b00000|100%| O|  |TAMS 0x0000000080b00000, 0x0000000080b00000| Untracked 
|  11|0x0000000080b00000, 0x0000000080c00000, 0x0000000080c00000|100%| O|  |TAMS 0x0000000080c00000, 0x0000000080c00000| Untracked 
|  12|0x0000000080c00000, 0x0000000080d00000, 0x0000000080d00000|100%| O|  |TAMS 0x0000000080d00000, 0x0000000080d00000| Untracked 
|  13|0x0000000080d00000, 0x0000000080e00000, 0x0000000080e00000|100%| O|  |TAMS 0x0000000080e00000, 0x0000000080e00000| Untracked 
|  14|0x0000000080e00000, 0x0000000080f00000, 0x0000000080f00000|100%| O|  |TAMS 0x0000000080f00000, 0x0000000080f00000| Untracked 
|  15|0x0000000080f00000, 0x0000000081000000, 0x0000000081000000|100%| O|  |TAMS 0x0000000081000000, 0x0000000081000000| Untracked 
|  16|0x0000000081000000, 0x0000000081100000, 0x0000000081100000|100%| O|  |TAMS 0x0000000081100000, 0x0000000081100000| Untracked 
|  17|0x0000000081100000, 0x0000000081200000, 0x0000000081200000|100%| O|  |TAMS 0x0000000081200000, 0x0000000081200000| Untracked 
|  18|0x0000000081200000, 0x0000000081300000, 0x0000000081300000|100%| O|  |TAMS 0x0000000081300000, 0x0000000081300000| Untracked 
|  19|0x0000000081300000, 0x0000000081400000, 0x0000000081400000|100%| O|  |TAMS 0x0000000081400000, 0x0000000081400000| Untracked 
|  20|0x0000000081400000, 0x0000000081500000, 0x0000000081500000|100%| O|  |TAMS 0x0000000081500000, 0x0000000081500000| Untracked 
|  21|0x0000000081500000, 0x0000000081600000, 0x0000000081600000|100%| O|  |TAMS 0x0000000081600000, 0x0000000081600000| Untracked 
|  22|0x0000000081600000, 0x0000000081700000, 0x0000000081700000|100%| O|  |TAMS 0x0000000081700000, 0x0000000081700000| Untracked 
|  23|0x0000000081700000, 0x0000000081800000, 0x0000000081800000|100%| O|  |TAMS 0x0000000081800000, 0x0000000081800000| Untracked 
|  24|0x0000000081800000, 0x0000000081900000, 0x0000000081900000|100%| O|  |TAMS 0x0000000081900000, 0x0000000081900000| Untracked 
|  25|0x0000000081900000, 0x0000000081a00000, 0x0000000081a00000|100%| O|  |TAMS 0x0000000081a00000, 0x0000000081a00000| Untracked 
|  26|0x0000000081a00000, 0x0000000081b00000, 0x0000000081b00000|100%| O|  |TAMS 0x0000000081b00000, 0x0000000081b00000| Untracked 
|  27|0x0000000081b00000, 0x0000000081be2c00, 0x0000000081c00000| 88%| O|  |TAMS 0x0000000081be2c00, 0x0000000081be2c00| Untracked 
|  28|0x0000000081c00000, 0x0000000081d00000, 0x0000000081d00000|100%| O|  |TAMS 0x0000000081d00000, 0x0000000081d00000| Untracked 
|  29|0x0000000081d00000, 0x0000000081e00000, 0x0000000081e00000|100%| O|  |TAMS 0x0000000081e00000, 0x0000000081e00000| Untracked 
|  30|0x0000000081e00000, 0x0000000081f00000, 0x0000000081f00000|100%| O|  |TAMS 0x0000000081f00000, 0x0000000081f00000| Untracked 
|  31|0x0000000081f00000, 0x0000000082000000, 0x0000000082000000|100%| O|  |TAMS 0x0000000082000000, 0x0000000082000000| Untracked 
|  32|0x0000000082000000, 0x0000000082100000, 0x0000000082100000|100%| O|  |TAMS 0x0000000082100000, 0x0000000082100000| Untracked 
|  33|0x0000000082100000, 0x0000000082200000, 0x0000000082200000|100%| O|  |TAMS 0x0000000082200000, 0x0000000082200000| Untracked 
|  34|0x0000000082200000, 0x0000000082300000, 0x0000000082300000|100%| O|  |TAMS 0x0000000082300000, 0x0000000082300000| Untracked 
|  35|0x0000000082300000, 0x0000000082400000, 0x0000000082400000|100%| O|  |TAMS 0x0000000082400000, 0x0000000082400000| Untracked 
|  36|0x0000000082400000, 0x0000000082500000, 0x0000000082500000|100%| O|  |TAMS 0x0000000082500000, 0x0000000082500000| Untracked 
|  37|0x0000000082500000, 0x0000000082600000, 0x0000000082600000|100%|HS|  |TAMS 0x0000000082600000, 0x0000000082600000| Complete 
|  38|0x0000000082600000, 0x0000000082700000, 0x0000000082700000|100%|HS|  |TAMS 0x0000000082700000, 0x0000000082700000| Complete 
|  39|0x0000000082700000, 0x0000000082800000, 0x0000000082800000|100%|HS|  |TAMS 0x0000000082800000, 0x0000000082800000| Complete 
|  40|0x0000000082800000, 0x0000000082900000, 0x0000000082900000|100%|HC|  |TAMS 0x0000000082900000, 0x0000000082900000| Complete 
|  41|0x0000000082900000, 0x0000000082a00000, 0x0000000082a00000|100%|HS|  |TAMS 0x0000000082a00000, 0x0000000082a00000| Complete 
|  42|0x0000000082a00000, 0x0000000082b00000, 0x0000000082b00000|100%|HC|  |TAMS 0x0000000082b00000, 0x0000000082b00000| Complete 
|  43|0x0000000082b00000, 0x0000000082c00000, 0x0000000082c00000|100%|HS|  |TAMS 0x0000000082c00000, 0x0000000082c00000| Complete 
|  44|0x0000000082c00000, 0x0000000082d00000, 0x0000000082d00000|100%|HS|  |TAMS 0x0000000082d00000, 0x0000000082d00000| Complete 
|  45|0x0000000082d00000, 0x0000000082e00000, 0x0000000082e00000|100%| O|  |TAMS 0x0000000082e00000, 0x0000000082e00000| Untracked 
|  46|0x0000000082e00000, 0x0000000082f00000, 0x0000000082f00000|100%| O|  |TAMS 0x0000000082f00000, 0x0000000082f00000| Untracked 
|  47|0x0000000082f00000, 0x0000000083000000, 0x0000000083000000|100%| O|  |TAMS 0x0000000083000000, 0x0000000083000000| Untracked 
|  48|0x0000000083000000, 0x0000000083100000, 0x0000000083100000|100%| O|  |TAMS 0x0000000083100000, 0x0000000083100000| Untracked 
|  49|0x0000000083100000, 0x0000000083200000, 0x0000000083200000|100%| O|  |TAMS 0x0000000083200000, 0x0000000083200000| Untracked 
|  50|0x0000000083200000, 0x0000000083300000, 0x0000000083300000|100%| O|  |TAMS 0x0000000083300000, 0x0000000083300000| Untracked 
|  51|0x0000000083300000, 0x0000000083400000, 0x0000000083400000|100%| O|  |TAMS 0x0000000083400000, 0x0000000083400000| Untracked 
|  52|0x0000000083400000, 0x0000000083500000, 0x0000000083500000|100%| O|  |TAMS 0x0000000083500000, 0x0000000083500000| Untracked 
|  53|0x0000000083500000, 0x0000000083600000, 0x0000000083600000|100%|HS|  |TAMS 0x0000000083600000, 0x0000000083600000| Complete 
|  54|0x0000000083600000, 0x0000000083700000, 0x0000000083700000|100%|HS|  |TAMS 0x0000000083700000, 0x0000000083700000| Complete 
|  55|0x0000000083700000, 0x0000000083800000, 0x0000000083800000|100%|HC|  |TAMS 0x0000000083800000, 0x0000000083800000| Complete 
|  56|0x0000000083800000, 0x0000000083900000, 0x0000000083900000|100%|HC|  |TAMS 0x0000000083900000, 0x0000000083900000| Complete 
|  57|0x0000000083900000, 0x0000000083a00000, 0x0000000083a00000|100%|HC|  |TAMS 0x0000000083a00000, 0x0000000083a00000| Complete 
|  58|0x0000000083a00000, 0x0000000083b00000, 0x0000000083b00000|100%|HS|  |TAMS 0x0000000083b00000, 0x0000000083b00000| Complete 
|  59|0x0000000083b00000, 0x0000000083c00000, 0x0000000083c00000|100%|HS|  |TAMS 0x0000000083c00000, 0x0000000083c00000| Complete 
|  60|0x0000000083c00000, 0x0000000083d00000, 0x0000000083d00000|100%| O|  |TAMS 0x0000000083d00000, 0x0000000083d00000| Untracked 
|  61|0x0000000083d00000, 0x0000000083e00000, 0x0000000083e00000|100%| O|  |TAMS 0x0000000083e00000, 0x0000000083e00000| Untracked 
|  62|0x0000000083e00000, 0x0000000083e00000, 0x0000000083f00000|  0%| F|  |TAMS 0x0000000083e00000, 0x0000000083e00000| Untracked 
|  63|0x0000000083f00000, 0x0000000084000000, 0x0000000084000000|100%| O|  |TAMS 0x0000000084000000, 0x0000000084000000| Untracked 
|  64|0x0000000084000000, 0x0000000084100000, 0x0000000084100000|100%| O|  |TAMS 0x0000000084100000, 0x0000000084100000| Untracked 
|  65|0x0000000084100000, 0x0000000084200000, 0x0000000084200000|100%| O|  |TAMS 0x0000000084200000, 0x0000000084200000| Untracked 
|  66|0x0000000084200000, 0x0000000084300000, 0x0000000084300000|100%| O|  |TAMS 0x0000000084300000, 0x0000000084300000| Untracked 
|  67|0x0000000084300000, 0x0000000084400000, 0x0000000084400000|100%| O|  |TAMS 0x0000000084400000, 0x0000000084400000| Untracked 
|  68|0x0000000084400000, 0x0000000084500000, 0x0000000084500000|100%| O|  |TAMS 0x0000000084500000, 0x0000000084500000| Untracked 
|  69|0x0000000084500000, 0x0000000084600000, 0x0000000084600000|100%|HS|  |TAMS 0x0000000084600000, 0x0000000084600000| Complete 
|  70|0x0000000084600000, 0x0000000084700000, 0x0000000084700000|100%|HC|  |TAMS 0x0000000084700000, 0x0000000084700000| Complete 
|  71|0x0000000084700000, 0x0000000084800000, 0x0000000084800000|100%|HC|  |TAMS 0x0000000084800000, 0x0000000084800000| Complete 
|  72|0x0000000084800000, 0x0000000084900000, 0x0000000084900000|100%|HC|  |TAMS 0x0000000084900000, 0x0000000084900000| Complete 
|  73|0x0000000084900000, 0x0000000084a00000, 0x0000000084a00000|100%| O|  |TAMS 0x0000000084a00000, 0x0000000084a00000| Untracked 
|  74|0x0000000084a00000, 0x0000000084b00000, 0x0000000084b00000|100%| O|  |TAMS 0x0000000084b00000, 0x0000000084b00000| Untracked 
|  75|0x0000000084b00000, 0x0000000084c00000, 0x0000000084c00000|100%| O|  |TAMS 0x0000000084c00000, 0x0000000084c00000| Untracked 
|  76|0x0000000084c00000, 0x0000000084d00000, 0x0000000084d00000|100%| O|  |TAMS 0x0000000084d00000, 0x0000000084d00000| Untracked 
|  77|0x0000000084d00000, 0x0000000084e00000, 0x0000000084e00000|100%| O|  |TAMS 0x0000000084e00000, 0x0000000084e00000| Untracked 
|  78|0x0000000084e00000, 0x0000000084f00000, 0x0000000084f00000|100%| O|  |TAMS 0x0000000084f00000, 0x0000000084f00000| Untracked 
|  79|0x0000000084f00000, 0x0000000085000000, 0x0000000085000000|100%| O|  |TAMS 0x0000000085000000, 0x0000000085000000| Untracked 
|  80|0x0000000085000000, 0x0000000085100000, 0x0000000085100000|100%| O|  |TAMS 0x0000000085100000, 0x0000000085100000| Untracked 
|  81|0x0000000085100000, 0x0000000085200000, 0x0000000085200000|100%| O|  |TAMS 0x0000000085200000, 0x0000000085200000| Untracked 
|  82|0x0000000085200000, 0x0000000085300000, 0x0000000085300000|100%| O|  |TAMS 0x0000000085300000, 0x0000000085300000| Untracked 
|  83|0x0000000085300000, 0x0000000085400000, 0x0000000085400000|100%| O|  |TAMS 0x0000000085400000, 0x0000000085400000| Untracked 
|  84|0x0000000085400000, 0x0000000085500000, 0x0000000085500000|100%| O|  |TAMS 0x0000000085500000, 0x0000000085500000| Untracked 
|  85|0x0000000085500000, 0x0000000085600000, 0x0000000085600000|100%| O|  |TAMS 0x0000000085600000, 0x0000000085600000| Untracked 
|  86|0x0000000085600000, 0x0000000085700000, 0x0000000085700000|100%| O|  |TAMS 0x0000000085700000, 0x0000000085700000| Untracked 
|  87|0x0000000085700000, 0x0000000085700000, 0x0000000085800000|  0%| F|  |TAMS 0x0000000085700000, 0x0000000085700000| Untracked 
|  88|0x0000000085800000, 0x0000000085900000, 0x0000000085900000|100%| O|  |TAMS 0x00000000858bb400, 0x0000000085900000| Untracked 
|  89|0x0000000085900000, 0x0000000085a00000, 0x0000000085a00000|100%| O|  |TAMS 0x0000000085a00000, 0x0000000085a00000| Untracked 
|  90|0x0000000085a00000, 0x0000000085b00000, 0x0000000085b00000|100%| O|  |TAMS 0x0000000085b00000, 0x0000000085b00000| Untracked 
|  91|0x0000000085b00000, 0x0000000085c00000, 0x0000000085c00000|100%| O|  |TAMS 0x0000000085c00000, 0x0000000085c00000| Untracked 
|  92|0x0000000085c00000, 0x0000000085c00000, 0x0000000085d00000|  0%| F|  |TAMS 0x0000000085c00000, 0x0000000085c00000| Untracked 
|  93|0x0000000085d00000, 0x0000000085d00000, 0x0000000085e00000|  0%| F|  |TAMS 0x0000000085d00000, 0x0000000085d00000| Untracked 
|  94|0x0000000085e00000, 0x0000000085f00000, 0x0000000085f00000|100%| O|  |TAMS 0x0000000085f00000, 0x0000000085f00000| Untracked 
|  95|0x0000000085f00000, 0x0000000086000000, 0x0000000086000000|100%| O|  |TAMS 0x0000000085f00000, 0x0000000086000000| Untracked 
|  96|0x0000000086000000, 0x0000000086100000, 0x0000000086100000|100%| O|  |TAMS 0x0000000086000000, 0x0000000086100000| Untracked 
|  97|0x0000000086100000, 0x0000000086200000, 0x0000000086200000|100%| O|  |TAMS 0x0000000086100000, 0x0000000086200000| Untracked 
|  98|0x0000000086200000, 0x0000000086300000, 0x0000000086300000|100%| O|  |TAMS 0x0000000086200000, 0x0000000086300000| Untracked 
|  99|0x0000000086300000, 0x0000000086400000, 0x0000000086400000|100%| O|  |TAMS 0x0000000086300000, 0x0000000086400000| Untracked 
| 100|0x0000000086400000, 0x000000008649a000, 0x0000000086500000| 60%| O|  |TAMS 0x0000000086400000, 0x000000008649a000| Untracked 
| 101|0x0000000086500000, 0x0000000086500000, 0x0000000086600000|  0%| F|  |TAMS 0x0000000086500000, 0x0000000086500000| Untracked 
| 102|0x0000000086600000, 0x0000000086600000, 0x0000000086700000|  0%| F|  |TAMS 0x0000000086600000, 0x0000000086600000| Untracked 
| 103|0x0000000086700000, 0x0000000086800000, 0x0000000086800000|100%| O|  |TAMS 0x0000000086800000, 0x0000000086800000| Untracked 
| 104|0x0000000086800000, 0x0000000086800000, 0x0000000086900000|  0%| F|  |TAMS 0x0000000086800000, 0x0000000086800000| Untracked 
| 105|0x0000000086900000, 0x0000000086a00000, 0x0000000086a00000|100%| O|  |TAMS 0x0000000086a00000, 0x0000000086a00000| Untracked 
| 106|0x0000000086a00000, 0x0000000086b00000, 0x0000000086b00000|100%| O|  |TAMS 0x0000000086b00000, 0x0000000086b00000| Untracked 
| 107|0x0000000086b00000, 0x0000000086c00000, 0x0000000086c00000|100%| O|  |TAMS 0x0000000086c00000, 0x0000000086c00000| Untracked 
| 108|0x0000000086c00000, 0x0000000086d00000, 0x0000000086d00000|100%| O|  |TAMS 0x0000000086d00000, 0x0000000086d00000| Untracked 
| 109|0x0000000086d00000, 0x0000000086e00000, 0x0000000086e00000|100%| O|  |TAMS 0x0000000086e00000, 0x0000000086e00000| Untracked 
| 110|0x0000000086e00000, 0x0000000086f00000, 0x0000000086f00000|100%| O|  |TAMS 0x0000000086f00000, 0x0000000086f00000| Untracked 
| 111|0x0000000086f00000, 0x0000000087000000, 0x0000000087000000|100%| O|  |TAMS 0x0000000087000000, 0x0000000087000000| Untracked 
| 112|0x0000000087000000, 0x0000000087100000, 0x0000000087100000|100%| O|  |TAMS 0x0000000087100000, 0x0000000087100000| Untracked 
| 113|0x0000000087100000, 0x0000000087200000, 0x0000000087200000|100%| O|  |TAMS 0x0000000087200000, 0x0000000087200000| Untracked 
| 114|0x0000000087200000, 0x0000000087300000, 0x0000000087300000|100%| O|  |TAMS 0x0000000087300000, 0x0000000087300000| Untracked 
| 115|0x0000000087300000, 0x0000000087400000, 0x0000000087400000|100%| O|  |TAMS 0x0000000087400000, 0x0000000087400000| Untracked 
| 116|0x0000000087400000, 0x0000000087500000, 0x0000000087500000|100%| O|  |TAMS 0x0000000087500000, 0x0000000087500000| Untracked 
| 117|0x0000000087500000, 0x0000000087600000, 0x0000000087600000|100%| O|  |TAMS 0x0000000087600000, 0x0000000087600000| Untracked 
| 118|0x0000000087600000, 0x0000000087700000, 0x0000000087700000|100%| O|  |TAMS 0x0000000087700000, 0x0000000087700000| Untracked 
| 119|0x0000000087700000, 0x0000000087800000, 0x0000000087800000|100%| O|  |TAMS 0x0000000087800000, 0x0000000087800000| Untracked 
| 120|0x0000000087800000, 0x0000000087900000, 0x0000000087900000|100%| O|  |TAMS 0x0000000087900000, 0x0000000087900000| Untracked 
| 121|0x0000000087900000, 0x0000000087900000, 0x0000000087a00000|  0%| F|  |TAMS 0x0000000087900000, 0x0000000087900000| Untracked 
| 122|0x0000000087a00000, 0x0000000087a00000, 0x0000000087b00000|  0%| F|  |TAMS 0x0000000087a00000, 0x0000000087a00000| Untracked 
| 123|0x0000000087b00000, 0x0000000087c00000, 0x0000000087c00000|100%| O|  |TAMS 0x0000000087c00000, 0x0000000087c00000| Untracked 
| 124|0x0000000087c00000, 0x0000000087c00000, 0x0000000087d00000|  0%| F|  |TAMS 0x0000000087c00000, 0x0000000087c00000| Untracked 
| 125|0x0000000087d00000, 0x0000000087e00000, 0x0000000087e00000|100%| O|  |TAMS 0x0000000087e00000, 0x0000000087e00000| Untracked 
| 126|0x0000000087e00000, 0x0000000087f00000, 0x0000000087f00000|100%| O|  |TAMS 0x0000000087f00000, 0x0000000087f00000| Untracked 
| 127|0x0000000087f00000, 0x0000000088000000, 0x0000000088000000|100%| O|  |TAMS 0x0000000088000000, 0x0000000088000000| Untracked 
| 128|0x0000000088000000, 0x0000000088100000, 0x0000000088100000|100%| O|  |TAMS 0x0000000088100000, 0x0000000088100000| Untracked 
| 129|0x0000000088100000, 0x0000000088200000, 0x0000000088200000|100%| O|  |TAMS 0x0000000088200000, 0x0000000088200000| Untracked 
| 130|0x0000000088200000, 0x0000000088200000, 0x0000000088300000|  0%| F|  |TAMS 0x0000000088200000, 0x0000000088200000| Untracked 
| 131|0x0000000088300000, 0x0000000088300000, 0x0000000088400000|  0%| F|  |TAMS 0x0000000088300000, 0x0000000088300000| Untracked 
| 132|0x0000000088400000, 0x0000000088400000, 0x0000000088500000|  0%| F|  |TAMS 0x0000000088400000, 0x0000000088400000| Untracked 
| 133|0x0000000088500000, 0x0000000088600000, 0x0000000088600000|100%| O|  |TAMS 0x0000000088600000, 0x0000000088600000| Untracked 
| 134|0x0000000088600000, 0x0000000088700000, 0x0000000088700000|100%| O|  |TAMS 0x0000000088700000, 0x0000000088700000| Untracked 
| 135|0x0000000088700000, 0x0000000088800000, 0x0000000088800000|100%| O|  |TAMS 0x0000000088800000, 0x0000000088800000| Untracked 
| 136|0x0000000088800000, 0x0000000088900000, 0x0000000088900000|100%| O|  |TAMS 0x0000000088900000, 0x0000000088900000| Untracked 
| 137|0x0000000088900000, 0x0000000088900000, 0x0000000088a00000|  0%| F|  |TAMS 0x0000000088900000, 0x0000000088900000| Untracked 
| 138|0x0000000088a00000, 0x0000000088a00000, 0x0000000088b00000|  0%| F|  |TAMS 0x0000000088a00000, 0x0000000088a00000| Untracked 
| 139|0x0000000088b00000, 0x0000000088c00000, 0x0000000088c00000|100%| O|  |TAMS 0x0000000088c00000, 0x0000000088c00000| Untracked 
| 140|0x0000000088c00000, 0x0000000088c00000, 0x0000000088d00000|  0%| F|  |TAMS 0x0000000088c00000, 0x0000000088c00000| Untracked 
| 141|0x0000000088d00000, 0x0000000088d00000, 0x0000000088e00000|  0%| F|  |TAMS 0x0000000088d00000, 0x0000000088d00000| Untracked 
| 142|0x0000000088e00000, 0x0000000088f00000, 0x0000000088f00000|100%| O|  |TAMS 0x0000000088f00000, 0x0000000088f00000| Untracked 
| 143|0x0000000088f00000, 0x0000000089000000, 0x0000000089000000|100%| O|  |TAMS 0x0000000089000000, 0x0000000089000000| Untracked 
| 144|0x0000000089000000, 0x0000000089100000, 0x0000000089100000|100%| O|  |TAMS 0x0000000089100000, 0x0000000089100000| Untracked 
| 145|0x0000000089100000, 0x0000000089200000, 0x0000000089200000|100%| O|  |TAMS 0x0000000089200000, 0x0000000089200000| Untracked 
| 146|0x0000000089200000, 0x0000000089300000, 0x0000000089300000|100%| O|  |TAMS 0x0000000089300000, 0x0000000089300000| Untracked 
| 147|0x0000000089300000, 0x0000000089400000, 0x0000000089400000|100%| O|  |TAMS 0x0000000089400000, 0x0000000089400000| Untracked 
| 148|0x0000000089400000, 0x0000000089500000, 0x0000000089500000|100%| O|  |TAMS 0x0000000089500000, 0x0000000089500000| Untracked 
| 149|0x0000000089500000, 0x0000000089600000, 0x0000000089600000|100%| O|  |TAMS 0x0000000089600000, 0x0000000089600000| Untracked 
| 150|0x0000000089600000, 0x0000000089700000, 0x0000000089700000|100%| O|  |TAMS 0x0000000089700000, 0x0000000089700000| Untracked 
| 151|0x0000000089700000, 0x0000000089800000, 0x0000000089800000|100%| O|  |TAMS 0x0000000089800000, 0x0000000089800000| Untracked 
| 152|0x0000000089800000, 0x0000000089900000, 0x0000000089900000|100%| O|  |TAMS 0x0000000089900000, 0x0000000089900000| Untracked 
| 153|0x0000000089900000, 0x0000000089a00000, 0x0000000089a00000|100%| O|  |TAMS 0x0000000089a00000, 0x0000000089a00000| Untracked 
| 154|0x0000000089a00000, 0x0000000089a00000, 0x0000000089b00000|  0%| F|  |TAMS 0x0000000089a00000, 0x0000000089a00000| Untracked 
| 155|0x0000000089b00000, 0x0000000089b00000, 0x0000000089c00000|  0%| F|  |TAMS 0x0000000089b00000, 0x0000000089b00000| Untracked 
| 156|0x0000000089c00000, 0x0000000089d00000, 0x0000000089d00000|100%| O|  |TAMS 0x0000000089d00000, 0x0000000089d00000| Untracked 
| 157|0x0000000089d00000, 0x0000000089e00000, 0x0000000089e00000|100%| O|  |TAMS 0x0000000089e00000, 0x0000000089e00000| Untracked 
| 158|0x0000000089e00000, 0x0000000089f00000, 0x0000000089f00000|100%| O|  |TAMS 0x0000000089f00000, 0x0000000089f00000| Untracked 
| 159|0x0000000089f00000, 0x0000000089f00000, 0x000000008a000000|  0%| F|  |TAMS 0x0000000089f00000, 0x0000000089f00000| Untracked 
| 160|0x000000008a000000, 0x000000008a000000, 0x000000008a100000|  0%| F|  |TAMS 0x000000008a000000, 0x000000008a000000| Untracked 
| 161|0x000000008a100000, 0x000000008a200000, 0x000000008a200000|100%| O|  |TAMS 0x000000008a200000, 0x000000008a200000| Untracked 
| 162|0x000000008a200000, 0x000000008a200000, 0x000000008a300000|  0%| F|  |TAMS 0x000000008a200000, 0x000000008a200000| Untracked 
| 163|0x000000008a300000, 0x000000008a300000, 0x000000008a400000|  0%| F|  |TAMS 0x000000008a300000, 0x000000008a300000| Untracked 
| 164|0x000000008a400000, 0x000000008a400000, 0x000000008a500000|  0%| F|  |TAMS 0x000000008a400000, 0x000000008a400000| Untracked 
| 165|0x000000008a500000, 0x000000008a500000, 0x000000008a600000|  0%| F|  |TAMS 0x000000008a500000, 0x000000008a500000| Untracked 
| 166|0x000000008a600000, 0x000000008a700000, 0x000000008a700000|100%| O|  |TAMS 0x000000008a700000, 0x000000008a700000| Untracked 
| 167|0x000000008a700000, 0x000000008a800000, 0x000000008a800000|100%| O|  |TAMS 0x000000008a800000, 0x000000008a800000| Untracked 
| 168|0x000000008a800000, 0x000000008a800000, 0x000000008a900000|  0%| F|  |TAMS 0x000000008a800000, 0x000000008a800000| Untracked 
| 169|0x000000008a900000, 0x000000008a900000, 0x000000008aa00000|  0%| F|  |TAMS 0x000000008a900000, 0x000000008a900000| Untracked 
| 170|0x000000008aa00000, 0x000000008aa00000, 0x000000008ab00000|  0%| F|  |TAMS 0x000000008aa00000, 0x000000008aa00000| Untracked 
| 171|0x000000008ab00000, 0x000000008ab00000, 0x000000008ac00000|  0%| F|  |TAMS 0x000000008ab00000, 0x000000008ab00000| Untracked 
| 172|0x000000008ac00000, 0x000000008ac00000, 0x000000008ad00000|  0%| F|  |TAMS 0x000000008ac00000, 0x000000008ac00000| Untracked 
| 173|0x000000008ad00000, 0x000000008ad00000, 0x000000008ae00000|  0%| F|  |TAMS 0x000000008ad00000, 0x000000008ad00000| Untracked 
| 174|0x000000008ae00000, 0x000000008ae00000, 0x000000008af00000|  0%| F|  |TAMS 0x000000008ae00000, 0x000000008ae00000| Untracked 
| 175|0x000000008af00000, 0x000000008af00000, 0x000000008b000000|  0%| F|  |TAMS 0x000000008af00000, 0x000000008af00000| Untracked 
| 176|0x000000008b000000, 0x000000008b000000, 0x000000008b100000|  0%| F|  |TAMS 0x000000008b000000, 0x000000008b000000| Untracked 
| 177|0x000000008b100000, 0x000000008b100000, 0x000000008b200000|  0%| F|  |TAMS 0x000000008b100000, 0x000000008b100000| Untracked 
| 178|0x000000008b200000, 0x000000008b200000, 0x000000008b300000|  0%| F|  |TAMS 0x000000008b200000, 0x000000008b200000| Untracked 
| 179|0x000000008b300000, 0x000000008b400000, 0x000000008b400000|100%| O|  |TAMS 0x000000008b400000, 0x000000008b400000| Untracked 
| 180|0x000000008b400000, 0x000000008b500000, 0x000000008b500000|100%| O|  |TAMS 0x000000008b500000, 0x000000008b500000| Untracked 
| 181|0x000000008b500000, 0x000000008b500000, 0x000000008b600000|  0%| F|  |TAMS 0x000000008b500000, 0x000000008b500000| Untracked 
| 182|0x000000008b600000, 0x000000008b600000, 0x000000008b700000|  0%| F|  |TAMS 0x000000008b600000, 0x000000008b600000| Untracked 
| 183|0x000000008b700000, 0x000000008b700000, 0x000000008b800000|  0%| F|  |TAMS 0x000000008b700000, 0x000000008b700000| Untracked 
| 184|0x000000008b800000, 0x000000008b800000, 0x000000008b900000|  0%| F|  |TAMS 0x000000008b800000, 0x000000008b800000| Untracked 
| 185|0x000000008b900000, 0x000000008b900000, 0x000000008ba00000|  0%| F|  |TAMS 0x000000008b900000, 0x000000008b900000| Untracked 
| 186|0x000000008ba00000, 0x000000008ba00000, 0x000000008bb00000|  0%| F|  |TAMS 0x000000008ba00000, 0x000000008ba00000| Untracked 
| 187|0x000000008bb00000, 0x000000008bb00000, 0x000000008bc00000|  0%| F|  |TAMS 0x000000008bb00000, 0x000000008bb00000| Untracked 
| 188|0x000000008bc00000, 0x000000008bc00000, 0x000000008bd00000|  0%| F|  |TAMS 0x000000008bc00000, 0x000000008bc00000| Untracked 
| 189|0x000000008bd00000, 0x000000008bd00000, 0x000000008be00000|  0%| F|  |TAMS 0x000000008bd00000, 0x000000008bd00000| Untracked 
| 190|0x000000008be00000, 0x000000008be00000, 0x000000008bf00000|  0%| F|  |TAMS 0x000000008be00000, 0x000000008be00000| Untracked 
| 191|0x000000008bf00000, 0x000000008bf00000, 0x000000008c000000|  0%| F|  |TAMS 0x000000008bf00000, 0x000000008bf00000| Untracked 
| 192|0x000000008c000000, 0x000000008c000000, 0x000000008c100000|  0%| F|  |TAMS 0x000000008c000000, 0x000000008c000000| Untracked 
| 193|0x000000008c100000, 0x000000008c100000, 0x000000008c200000|  0%| F|  |TAMS 0x000000008c100000, 0x000000008c100000| Untracked 
| 194|0x000000008c200000, 0x000000008c200000, 0x000000008c300000|  0%| F|  |TAMS 0x000000008c200000, 0x000000008c200000| Untracked 
| 195|0x000000008c300000, 0x000000008c300000, 0x000000008c400000|  0%| F|  |TAMS 0x000000008c300000, 0x000000008c300000| Untracked 
| 196|0x000000008c400000, 0x000000008c400000, 0x000000008c500000|  0%| F|  |TAMS 0x000000008c400000, 0x000000008c400000| Untracked 
| 197|0x000000008c500000, 0x000000008c500000, 0x000000008c600000|  0%| F|  |TAMS 0x000000008c500000, 0x000000008c500000| Untracked 
| 198|0x000000008c600000, 0x000000008c600000, 0x000000008c700000|  0%| F|  |TAMS 0x000000008c600000, 0x000000008c600000| Untracked 
| 199|0x000000008c700000, 0x000000008c700000, 0x000000008c800000|  0%| F|  |TAMS 0x000000008c700000, 0x000000008c700000| Untracked 
| 200|0x000000008c800000, 0x000000008c800000, 0x000000008c900000|  0%| F|  |TAMS 0x000000008c800000, 0x000000008c800000| Untracked 
| 201|0x000000008c900000, 0x000000008c900000, 0x000000008ca00000|  0%| F|  |TAMS 0x000000008c900000, 0x000000008c900000| Untracked 
| 202|0x000000008ca00000, 0x000000008ca00000, 0x000000008cb00000|  0%| F|  |TAMS 0x000000008ca00000, 0x000000008ca00000| Untracked 
| 203|0x000000008cb00000, 0x000000008cb00000, 0x000000008cc00000|  0%| F|  |TAMS 0x000000008cb00000, 0x000000008cb00000| Untracked 
| 204|0x000000008cc00000, 0x000000008cc00000, 0x000000008cd00000|  0%| F|  |TAMS 0x000000008cc00000, 0x000000008cc00000| Untracked 
| 205|0x000000008cd00000, 0x000000008cd00000, 0x000000008ce00000|  0%| F|  |TAMS 0x000000008cd00000, 0x000000008cd00000| Untracked 
| 206|0x000000008ce00000, 0x000000008ce00000, 0x000000008cf00000|  0%| F|  |TAMS 0x000000008ce00000, 0x000000008ce00000| Untracked 
| 207|0x000000008cf00000, 0x000000008cf00000, 0x000000008d000000|  0%| F|  |TAMS 0x000000008cf00000, 0x000000008cf00000| Untracked 
| 208|0x000000008d000000, 0x000000008d000000, 0x000000008d100000|  0%| F|  |TAMS 0x000000008d000000, 0x000000008d000000| Untracked 
| 209|0x000000008d100000, 0x000000008d100000, 0x000000008d200000|  0%| F|  |TAMS 0x000000008d100000, 0x000000008d100000| Untracked 
| 210|0x000000008d200000, 0x000000008d200000, 0x000000008d300000|  0%| F|  |TAMS 0x000000008d200000, 0x000000008d200000| Untracked 
| 211|0x000000008d300000, 0x000000008d399a20, 0x000000008d400000| 60%| S|CS|TAMS 0x000000008d300000, 0x000000008d300000| Complete 
| 212|0x000000008d400000, 0x000000008d500000, 0x000000008d500000|100%| S|CS|TAMS 0x000000008d400000, 0x000000008d400000| Complete 
| 213|0x000000008d500000, 0x000000008d600000, 0x000000008d600000|100%| S|CS|TAMS 0x000000008d500000, 0x000000008d500000| Complete 
| 214|0x000000008d600000, 0x000000008d700000, 0x000000008d700000|100%| S|CS|TAMS 0x000000008d600000, 0x000000008d600000| Complete 
| 215|0x000000008d700000, 0x000000008d800000, 0x000000008d800000|100%| S|CS|TAMS 0x000000008d700000, 0x000000008d700000| Complete 
| 216|0x000000008d800000, 0x000000008d900000, 0x000000008d900000|100%| S|CS|TAMS 0x000000008d800000, 0x000000008d800000| Complete 
| 217|0x000000008d900000, 0x000000008d900000, 0x000000008da00000|  0%| F|  |TAMS 0x000000008d900000, 0x000000008d900000| Untracked 
| 218|0x000000008da00000, 0x000000008da00000, 0x000000008db00000|  0%| F|  |TAMS 0x000000008da00000, 0x000000008da00000| Untracked 
| 219|0x000000008db00000, 0x000000008db00000, 0x000000008dc00000|  0%| F|  |TAMS 0x000000008db00000, 0x000000008db00000| Untracked 
| 220|0x000000008dc00000, 0x000000008dc00000, 0x000000008dd00000|  0%| F|  |TAMS 0x000000008dc00000, 0x000000008dc00000| Untracked 
| 221|0x000000008dd00000, 0x000000008dd00000, 0x000000008de00000|  0%| F|  |TAMS 0x000000008dd00000, 0x000000008dd00000| Untracked 
| 222|0x000000008de00000, 0x000000008de00000, 0x000000008df00000|  0%| F|  |TAMS 0x000000008de00000, 0x000000008de00000| Untracked 
| 223|0x000000008df00000, 0x000000008df00000, 0x000000008e000000|  0%| F|  |TAMS 0x000000008df00000, 0x000000008df00000| Untracked 
| 224|0x000000008e000000, 0x000000008e000000, 0x000000008e100000|  0%| F|  |TAMS 0x000000008e000000, 0x000000008e000000| Untracked 
| 225|0x000000008e100000, 0x000000008e100000, 0x000000008e200000|  0%| F|  |TAMS 0x000000008e100000, 0x000000008e100000| Untracked 
| 226|0x000000008e200000, 0x000000008e200000, 0x000000008e300000|  0%| F|  |TAMS 0x000000008e200000, 0x000000008e200000| Untracked 
| 227|0x000000008e300000, 0x000000008e300000, 0x000000008e400000|  0%| F|  |TAMS 0x000000008e300000, 0x000000008e300000| Untracked 
| 228|0x000000008e400000, 0x000000008e400000, 0x000000008e500000|  0%| F|  |TAMS 0x000000008e400000, 0x000000008e400000| Untracked 
| 229|0x000000008e500000, 0x000000008e500000, 0x000000008e600000|  0%| F|  |TAMS 0x000000008e500000, 0x000000008e500000| Untracked 
| 230|0x000000008e600000, 0x000000008e600000, 0x000000008e700000|  0%| F|  |TAMS 0x000000008e600000, 0x000000008e600000| Untracked 
| 231|0x000000008e700000, 0x000000008e700000, 0x000000008e800000|  0%| F|  |TAMS 0x000000008e700000, 0x000000008e700000| Untracked 
| 232|0x000000008e800000, 0x000000008e800000, 0x000000008e900000|  0%| F|  |TAMS 0x000000008e800000, 0x000000008e800000| Untracked 
| 233|0x000000008e900000, 0x000000008e900000, 0x000000008ea00000|  0%| F|  |TAMS 0x000000008e900000, 0x000000008e900000| Untracked 
| 234|0x000000008ea00000, 0x000000008ea00000, 0x000000008eb00000|  0%| F|  |TAMS 0x000000008ea00000, 0x000000008ea00000| Untracked 
| 235|0x000000008eb00000, 0x000000008eb00000, 0x000000008ec00000|  0%| F|  |TAMS 0x000000008eb00000, 0x000000008eb00000| Untracked 
| 236|0x000000008ec00000, 0x000000008ec00000, 0x000000008ed00000|  0%| F|  |TAMS 0x000000008ec00000, 0x000000008ec00000| Untracked 
| 237|0x000000008ed00000, 0x000000008ed00000, 0x000000008ee00000|  0%| F|  |TAMS 0x000000008ed00000, 0x000000008ed00000| Untracked 
| 238|0x000000008ee00000, 0x000000008ee00000, 0x000000008ef00000|  0%| F|  |TAMS 0x000000008ee00000, 0x000000008ee00000| Untracked 
| 239|0x000000008ef00000, 0x000000008ef00000, 0x000000008f000000|  0%| F|  |TAMS 0x000000008ef00000, 0x000000008ef00000| Untracked 
| 240|0x000000008f000000, 0x000000008f000000, 0x000000008f100000|  0%| F|  |TAMS 0x000000008f000000, 0x000000008f000000| Untracked 
| 241|0x000000008f100000, 0x000000008f100000, 0x000000008f200000|  0%| F|  |TAMS 0x000000008f100000, 0x000000008f100000| Untracked 
| 242|0x000000008f200000, 0x000000008f200000, 0x000000008f300000|  0%| F|  |TAMS 0x000000008f200000, 0x000000008f200000| Untracked 
| 243|0x000000008f300000, 0x000000008f300000, 0x000000008f400000|  0%| F|  |TAMS 0x000000008f300000, 0x000000008f300000| Untracked 
| 244|0x000000008f400000, 0x000000008f400000, 0x000000008f500000|  0%| F|  |TAMS 0x000000008f400000, 0x000000008f400000| Untracked 
| 245|0x000000008f500000, 0x000000008f500000, 0x000000008f600000|  0%| F|  |TAMS 0x000000008f500000, 0x000000008f500000| Untracked 
| 246|0x000000008f600000, 0x000000008f600000, 0x000000008f700000|  0%| F|  |TAMS 0x000000008f600000, 0x000000008f600000| Untracked 
| 247|0x000000008f700000, 0x000000008f700000, 0x000000008f800000|  0%| F|  |TAMS 0x000000008f700000, 0x000000008f700000| Untracked 
| 248|0x000000008f800000, 0x000000008f800000, 0x000000008f900000|  0%| F|  |TAMS 0x000000008f800000, 0x000000008f800000| Untracked 
| 249|0x000000008f900000, 0x000000008f900000, 0x000000008fa00000|  0%| F|  |TAMS 0x000000008f900000, 0x000000008f900000| Untracked 
| 250|0x000000008fa00000, 0x000000008fa00000, 0x000000008fb00000|  0%| F|  |TAMS 0x000000008fa00000, 0x000000008fa00000| Untracked 
| 251|0x000000008fb00000, 0x000000008fb00000, 0x000000008fc00000|  0%| F|  |TAMS 0x000000008fb00000, 0x000000008fb00000| Untracked 
| 252|0x000000008fc00000, 0x000000008fc00000, 0x000000008fd00000|  0%| F|  |TAMS 0x000000008fc00000, 0x000000008fc00000| Untracked 
| 253|0x000000008fd00000, 0x000000008fd00000, 0x000000008fe00000|  0%| F|  |TAMS 0x000000008fd00000, 0x000000008fd00000| Untracked 
| 254|0x000000008fe00000, 0x000000008fe00000, 0x000000008ff00000|  0%| F|  |TAMS 0x000000008fe00000, 0x000000008fe00000| Untracked 
| 255|0x000000008ff00000, 0x000000008ff00000, 0x0000000090000000|  0%| F|  |TAMS 0x000000008ff00000, 0x000000008ff00000| Untracked 
| 256|0x0000000090000000, 0x0000000090000000, 0x0000000090100000|  0%| F|  |TAMS 0x0000000090000000, 0x0000000090000000| Untracked 
| 257|0x0000000090100000, 0x0000000090100000, 0x0000000090200000|  0%| F|  |TAMS 0x0000000090100000, 0x0000000090100000| Untracked 
| 258|0x0000000090200000, 0x0000000090200000, 0x0000000090300000|  0%| F|  |TAMS 0x0000000090200000, 0x0000000090200000| Untracked 
| 259|0x0000000090300000, 0x0000000090300000, 0x0000000090400000|  0%| F|  |TAMS 0x0000000090300000, 0x0000000090300000| Untracked 
| 260|0x0000000090400000, 0x0000000090400000, 0x0000000090500000|  0%| F|  |TAMS 0x0000000090400000, 0x0000000090400000| Untracked 
| 261|0x0000000090500000, 0x0000000090500000, 0x0000000090600000|  0%| F|  |TAMS 0x0000000090500000, 0x0000000090500000| Untracked 
| 262|0x0000000090600000, 0x0000000090600000, 0x0000000090700000|  0%| F|  |TAMS 0x0000000090600000, 0x0000000090600000| Untracked 
| 263|0x0000000090700000, 0x0000000090700000, 0x0000000090800000|  0%| F|  |TAMS 0x0000000090700000, 0x0000000090700000| Untracked 
| 264|0x0000000090800000, 0x0000000090800000, 0x0000000090900000|  0%| F|  |TAMS 0x0000000090800000, 0x0000000090800000| Untracked 
| 265|0x0000000090900000, 0x0000000090900000, 0x0000000090a00000|  0%| F|  |TAMS 0x0000000090900000, 0x0000000090900000| Untracked 
| 266|0x0000000090a00000, 0x0000000090a00000, 0x0000000090b00000|  0%| F|  |TAMS 0x0000000090a00000, 0x0000000090a00000| Untracked 
| 267|0x0000000090b00000, 0x0000000090b00000, 0x0000000090c00000|  0%| F|  |TAMS 0x0000000090b00000, 0x0000000090b00000| Untracked 
| 268|0x0000000090c00000, 0x0000000090c00000, 0x0000000090d00000|  0%| F|  |TAMS 0x0000000090c00000, 0x0000000090c00000| Untracked 
| 269|0x0000000090d00000, 0x0000000090d00000, 0x0000000090e00000|  0%| F|  |TAMS 0x0000000090d00000, 0x0000000090d00000| Untracked 
| 270|0x0000000090e00000, 0x0000000090e00000, 0x0000000090f00000|  0%| F|  |TAMS 0x0000000090e00000, 0x0000000090e00000| Untracked 
| 271|0x0000000090f00000, 0x0000000090f00000, 0x0000000091000000|  0%| F|  |TAMS 0x0000000090f00000, 0x0000000090f00000| Untracked 
| 272|0x0000000091000000, 0x0000000091000000, 0x0000000091100000|  0%| F|  |TAMS 0x0000000091000000, 0x0000000091000000| Untracked 
| 273|0x0000000091100000, 0x0000000091100000, 0x0000000091200000|  0%| F|  |TAMS 0x0000000091100000, 0x0000000091100000| Untracked 
| 274|0x0000000091200000, 0x0000000091200000, 0x0000000091300000|  0%| F|  |TAMS 0x0000000091200000, 0x0000000091200000| Untracked 
| 275|0x0000000091300000, 0x0000000091300000, 0x0000000091400000|  0%| F|  |TAMS 0x0000000091300000, 0x0000000091300000| Untracked 
| 276|0x0000000091400000, 0x0000000091400000, 0x0000000091500000|  0%| F|  |TAMS 0x0000000091400000, 0x0000000091400000| Untracked 
| 277|0x0000000091500000, 0x0000000091500000, 0x0000000091600000|  0%| F|  |TAMS 0x0000000091500000, 0x0000000091500000| Untracked 
| 278|0x0000000091600000, 0x0000000091600000, 0x0000000091700000|  0%| F|  |TAMS 0x0000000091600000, 0x0000000091600000| Untracked 
| 279|0x0000000091700000, 0x0000000091700000, 0x0000000091800000|  0%| F|  |TAMS 0x0000000091700000, 0x0000000091700000| Untracked 
| 280|0x0000000091800000, 0x0000000091800000, 0x0000000091900000|  0%| F|  |TAMS 0x0000000091800000, 0x0000000091800000| Untracked 
| 281|0x0000000091900000, 0x0000000091900000, 0x0000000091a00000|  0%| F|  |TAMS 0x0000000091900000, 0x0000000091900000| Untracked 
| 282|0x0000000091a00000, 0x0000000091a00000, 0x0000000091b00000|  0%| F|  |TAMS 0x0000000091a00000, 0x0000000091a00000| Untracked 
| 283|0x0000000091b00000, 0x0000000091b00000, 0x0000000091c00000|  0%| F|  |TAMS 0x0000000091b00000, 0x0000000091b00000| Untracked 
| 284|0x0000000091c00000, 0x0000000091c00000, 0x0000000091d00000|  0%| F|  |TAMS 0x0000000091c00000, 0x0000000091c00000| Untracked 
| 285|0x0000000091d00000, 0x0000000091d00000, 0x0000000091e00000|  0%| F|  |TAMS 0x0000000091d00000, 0x0000000091d00000| Untracked 
| 286|0x0000000091e00000, 0x0000000091e00000, 0x0000000091f00000|  0%| F|  |TAMS 0x0000000091e00000, 0x0000000091e00000| Untracked 
| 287|0x0000000091f00000, 0x0000000091f00000, 0x0000000092000000|  0%| F|  |TAMS 0x0000000091f00000, 0x0000000091f00000| Untracked 
| 288|0x0000000092000000, 0x0000000092000000, 0x0000000092100000|  0%| F|  |TAMS 0x0000000092000000, 0x0000000092000000| Untracked 
| 289|0x0000000092100000, 0x0000000092100000, 0x0000000092200000|  0%| F|  |TAMS 0x0000000092100000, 0x0000000092100000| Untracked 
| 290|0x0000000092200000, 0x0000000092200000, 0x0000000092300000|  0%| F|  |TAMS 0x0000000092200000, 0x0000000092200000| Untracked 
| 291|0x0000000092300000, 0x0000000092300000, 0x0000000092400000|  0%| F|  |TAMS 0x0000000092300000, 0x0000000092300000| Untracked 
| 292|0x0000000092400000, 0x0000000092400000, 0x0000000092500000|  0%| F|  |TAMS 0x0000000092400000, 0x0000000092400000| Untracked 
| 293|0x0000000092500000, 0x0000000092500000, 0x0000000092600000|  0%| F|  |TAMS 0x0000000092500000, 0x0000000092500000| Untracked 
| 294|0x0000000092600000, 0x0000000092600000, 0x0000000092700000|  0%| F|  |TAMS 0x0000000092600000, 0x0000000092600000| Untracked 
| 295|0x0000000092700000, 0x0000000092700000, 0x0000000092800000|  0%| F|  |TAMS 0x0000000092700000, 0x0000000092700000| Untracked 
| 296|0x0000000092800000, 0x0000000092800000, 0x0000000092900000|  0%| F|  |TAMS 0x0000000092800000, 0x0000000092800000| Untracked 
| 297|0x0000000092900000, 0x0000000092900000, 0x0000000092a00000|  0%| F|  |TAMS 0x0000000092900000, 0x0000000092900000| Untracked 
| 298|0x0000000092a00000, 0x0000000092a00000, 0x0000000092b00000|  0%| F|  |TAMS 0x0000000092a00000, 0x0000000092a00000| Untracked 
| 299|0x0000000092b00000, 0x0000000092b00000, 0x0000000092c00000|  0%| F|  |TAMS 0x0000000092b00000, 0x0000000092b00000| Untracked 
| 300|0x0000000092c00000, 0x0000000092c00000, 0x0000000092d00000|  0%| F|  |TAMS 0x0000000092c00000, 0x0000000092c00000| Untracked 
| 301|0x0000000092d00000, 0x0000000092d00000, 0x0000000092e00000|  0%| F|  |TAMS 0x0000000092d00000, 0x0000000092d00000| Untracked 
| 302|0x0000000092e00000, 0x0000000092e00000, 0x0000000092f00000|  0%| F|  |TAMS 0x0000000092e00000, 0x0000000092e00000| Untracked 
| 303|0x0000000092f00000, 0x0000000092f00000, 0x0000000093000000|  0%| F|  |TAMS 0x0000000092f00000, 0x0000000092f00000| Untracked 
| 304|0x0000000093000000, 0x0000000093000000, 0x0000000093100000|  0%| F|  |TAMS 0x0000000093000000, 0x0000000093000000| Untracked 
| 305|0x0000000093100000, 0x0000000093100000, 0x0000000093200000|  0%| F|  |TAMS 0x0000000093100000, 0x0000000093100000| Untracked 
| 306|0x0000000093200000, 0x0000000093200000, 0x0000000093300000|  0%| F|  |TAMS 0x0000000093200000, 0x0000000093200000| Untracked 
| 307|0x0000000093300000, 0x0000000093300000, 0x0000000093400000|  0%| F|  |TAMS 0x0000000093300000, 0x0000000093300000| Untracked 
| 308|0x0000000093400000, 0x0000000093400000, 0x0000000093500000|  0%| F|  |TAMS 0x0000000093400000, 0x0000000093400000| Untracked 
| 309|0x0000000093500000, 0x0000000093500000, 0x0000000093600000|  0%| F|  |TAMS 0x0000000093500000, 0x0000000093500000| Untracked 
| 310|0x0000000093600000, 0x0000000093600000, 0x0000000093700000|  0%| F|  |TAMS 0x0000000093600000, 0x0000000093600000| Untracked 
| 311|0x0000000093700000, 0x0000000093700000, 0x0000000093800000|  0%| F|  |TAMS 0x0000000093700000, 0x0000000093700000| Untracked 
| 312|0x0000000093800000, 0x0000000093800000, 0x0000000093900000|  0%| F|  |TAMS 0x0000000093800000, 0x0000000093800000| Untracked 
| 313|0x0000000093900000, 0x0000000093900000, 0x0000000093a00000|  0%| F|  |TAMS 0x0000000093900000, 0x0000000093900000| Untracked 
| 314|0x0000000093a00000, 0x0000000093a00000, 0x0000000093b00000|  0%| F|  |TAMS 0x0000000093a00000, 0x0000000093a00000| Untracked 
| 315|0x0000000093b00000, 0x0000000093b00000, 0x0000000093c00000|  0%| F|  |TAMS 0x0000000093b00000, 0x0000000093b00000| Untracked 
| 316|0x0000000093c00000, 0x0000000093c00000, 0x0000000093d00000|  0%| F|  |TAMS 0x0000000093c00000, 0x0000000093c00000| Untracked 
| 317|0x0000000093d00000, 0x0000000093d00000, 0x0000000093e00000|  0%| F|  |TAMS 0x0000000093d00000, 0x0000000093d00000| Untracked 
| 318|0x0000000093e00000, 0x0000000093e00000, 0x0000000093f00000|  0%| F|  |TAMS 0x0000000093e00000, 0x0000000093e00000| Untracked 
| 319|0x0000000093f00000, 0x0000000093f00000, 0x0000000094000000|  0%| F|  |TAMS 0x0000000093f00000, 0x0000000093f00000| Untracked 
| 320|0x0000000094000000, 0x0000000094000000, 0x0000000094100000|  0%| F|  |TAMS 0x0000000094000000, 0x0000000094000000| Untracked 
| 321|0x0000000094100000, 0x0000000094100000, 0x0000000094200000|  0%| F|  |TAMS 0x0000000094100000, 0x0000000094100000| Untracked 
| 322|0x0000000094200000, 0x0000000094200000, 0x0000000094300000|  0%| F|  |TAMS 0x0000000094200000, 0x0000000094200000| Untracked 
| 323|0x0000000094300000, 0x0000000094300000, 0x0000000094400000|  0%| F|  |TAMS 0x0000000094300000, 0x0000000094300000| Untracked 
| 324|0x0000000094400000, 0x0000000094400000, 0x0000000094500000|  0%| F|  |TAMS 0x0000000094400000, 0x0000000094400000| Untracked 
| 325|0x0000000094500000, 0x0000000094500000, 0x0000000094600000|  0%| F|  |TAMS 0x0000000094500000, 0x0000000094500000| Untracked 
| 326|0x0000000094600000, 0x0000000094600000, 0x0000000094700000|  0%| F|  |TAMS 0x0000000094600000, 0x0000000094600000| Untracked 
| 327|0x0000000094700000, 0x0000000094700000, 0x0000000094800000|  0%| F|  |TAMS 0x0000000094700000, 0x0000000094700000| Untracked 
| 328|0x0000000094800000, 0x0000000094800000, 0x0000000094900000|  0%| F|  |TAMS 0x0000000094800000, 0x0000000094800000| Untracked 
| 329|0x0000000094900000, 0x0000000094900000, 0x0000000094a00000|  0%| F|  |TAMS 0x0000000094900000, 0x0000000094900000| Untracked 
| 330|0x0000000094a00000, 0x0000000094a00000, 0x0000000094b00000|  0%| F|  |TAMS 0x0000000094a00000, 0x0000000094a00000| Untracked 
| 331|0x0000000094b00000, 0x0000000094b00000, 0x0000000094c00000|  0%| F|  |TAMS 0x0000000094b00000, 0x0000000094b00000| Untracked 
| 332|0x0000000094c00000, 0x0000000094c00000, 0x0000000094d00000|  0%| F|  |TAMS 0x0000000094c00000, 0x0000000094c00000| Untracked 
| 333|0x0000000094d00000, 0x0000000094d00000, 0x0000000094e00000|  0%| F|  |TAMS 0x0000000094d00000, 0x0000000094d00000| Untracked 
| 334|0x0000000094e00000, 0x0000000094e00000, 0x0000000094f00000|  0%| F|  |TAMS 0x0000000094e00000, 0x0000000094e00000| Untracked 
| 335|0x0000000094f00000, 0x0000000094f00000, 0x0000000095000000|  0%| F|  |TAMS 0x0000000094f00000, 0x0000000094f00000| Untracked 
| 336|0x0000000095000000, 0x0000000095000000, 0x0000000095100000|  0%| F|  |TAMS 0x0000000095000000, 0x0000000095000000| Untracked 
| 337|0x0000000095100000, 0x0000000095100000, 0x0000000095200000|  0%| F|  |TAMS 0x0000000095100000, 0x0000000095100000| Untracked 
| 338|0x0000000095200000, 0x0000000095200000, 0x0000000095300000|  0%| F|  |TAMS 0x0000000095200000, 0x0000000095200000| Untracked 
| 339|0x0000000095300000, 0x0000000095300000, 0x0000000095400000|  0%| F|  |TAMS 0x0000000095300000, 0x0000000095300000| Untracked 
| 340|0x0000000095400000, 0x0000000095400000, 0x0000000095500000|  0%| F|  |TAMS 0x0000000095400000, 0x0000000095400000| Untracked 
| 341|0x0000000095500000, 0x0000000095500000, 0x0000000095600000|  0%| F|  |TAMS 0x0000000095500000, 0x0000000095500000| Untracked 
| 342|0x0000000095600000, 0x0000000095600000, 0x0000000095700000|  0%| F|  |TAMS 0x0000000095600000, 0x0000000095600000| Untracked 
| 343|0x0000000095700000, 0x0000000095700000, 0x0000000095800000|  0%| F|  |TAMS 0x0000000095700000, 0x0000000095700000| Untracked 
| 344|0x0000000095800000, 0x0000000095800000, 0x0000000095900000|  0%| F|  |TAMS 0x0000000095800000, 0x0000000095800000| Untracked 
| 345|0x0000000095900000, 0x0000000095900000, 0x0000000095a00000|  0%| F|  |TAMS 0x0000000095900000, 0x0000000095900000| Untracked 
| 346|0x0000000095a00000, 0x0000000095a00000, 0x0000000095b00000|  0%| F|  |TAMS 0x0000000095a00000, 0x0000000095a00000| Untracked 
| 347|0x0000000095b00000, 0x0000000095b00000, 0x0000000095c00000|  0%| F|  |TAMS 0x0000000095b00000, 0x0000000095b00000| Untracked 
| 348|0x0000000095c00000, 0x0000000095c00000, 0x0000000095d00000|  0%| F|  |TAMS 0x0000000095c00000, 0x0000000095c00000| Untracked 
| 349|0x0000000095d00000, 0x0000000095d00000, 0x0000000095e00000|  0%| F|  |TAMS 0x0000000095d00000, 0x0000000095d00000| Untracked 
| 350|0x0000000095e00000, 0x0000000095e00000, 0x0000000095f00000|  0%| F|  |TAMS 0x0000000095e00000, 0x0000000095e00000| Untracked 
| 351|0x0000000095f00000, 0x0000000095f00000, 0x0000000096000000|  0%| F|  |TAMS 0x0000000095f00000, 0x0000000095f00000| Untracked 
| 352|0x0000000096000000, 0x0000000096000000, 0x0000000096100000|  0%| F|  |TAMS 0x0000000096000000, 0x0000000096000000| Untracked 
| 353|0x0000000096100000, 0x0000000096100000, 0x0000000096200000|  0%| F|  |TAMS 0x0000000096100000, 0x0000000096100000| Untracked 
| 354|0x0000000096200000, 0x0000000096200000, 0x0000000096300000|  0%| F|  |TAMS 0x0000000096200000, 0x0000000096200000| Untracked 
| 355|0x0000000096300000, 0x0000000096300000, 0x0000000096400000|  0%| F|  |TAMS 0x0000000096300000, 0x0000000096300000| Untracked 
| 356|0x0000000096400000, 0x0000000096400000, 0x0000000096500000|  0%| F|  |TAMS 0x0000000096400000, 0x0000000096400000| Untracked 
| 357|0x0000000096500000, 0x0000000096500000, 0x0000000096600000|  0%| F|  |TAMS 0x0000000096500000, 0x0000000096500000| Untracked 
| 358|0x0000000096600000, 0x0000000096600000, 0x0000000096700000|  0%| F|  |TAMS 0x0000000096600000, 0x0000000096600000| Untracked 
| 359|0x0000000096700000, 0x0000000096700000, 0x0000000096800000|  0%| F|  |TAMS 0x0000000096700000, 0x0000000096700000| Untracked 
| 360|0x0000000096800000, 0x0000000096800000, 0x0000000096900000|  0%| F|  |TAMS 0x0000000096800000, 0x0000000096800000| Untracked 
| 361|0x0000000096900000, 0x0000000096900000, 0x0000000096a00000|  0%| F|  |TAMS 0x0000000096900000, 0x0000000096900000| Untracked 
| 362|0x0000000096a00000, 0x0000000096a00000, 0x0000000096b00000|  0%| F|  |TAMS 0x0000000096a00000, 0x0000000096a00000| Untracked 
| 363|0x0000000096b00000, 0x0000000096b00000, 0x0000000096c00000|  0%| F|  |TAMS 0x0000000096b00000, 0x0000000096b00000| Untracked 
| 364|0x0000000096c00000, 0x0000000096c00000, 0x0000000096d00000|  0%| F|  |TAMS 0x0000000096c00000, 0x0000000096c00000| Untracked 
| 365|0x0000000096d00000, 0x0000000096d00000, 0x0000000096e00000|  0%| F|  |TAMS 0x0000000096d00000, 0x0000000096d00000| Untracked 
| 366|0x0000000096e00000, 0x0000000096e00000, 0x0000000096f00000|  0%| F|  |TAMS 0x0000000096e00000, 0x0000000096e00000| Untracked 
| 367|0x0000000096f00000, 0x0000000096f00000, 0x0000000097000000|  0%| F|  |TAMS 0x0000000096f00000, 0x0000000096f00000| Untracked 
| 368|0x0000000097000000, 0x0000000097000000, 0x0000000097100000|  0%| F|  |TAMS 0x0000000097000000, 0x0000000097000000| Untracked 
| 369|0x0000000097100000, 0x0000000097100000, 0x0000000097200000|  0%| F|  |TAMS 0x0000000097100000, 0x0000000097100000| Untracked 
| 370|0x0000000097200000, 0x0000000097200000, 0x0000000097300000|  0%| F|  |TAMS 0x0000000097200000, 0x0000000097200000| Untracked 
| 371|0x0000000097300000, 0x0000000097300000, 0x0000000097400000|  0%| F|  |TAMS 0x0000000097300000, 0x0000000097300000| Untracked 
| 372|0x0000000097400000, 0x0000000097400000, 0x0000000097500000|  0%| F|  |TAMS 0x0000000097400000, 0x0000000097400000| Untracked 
| 373|0x0000000097500000, 0x0000000097500000, 0x0000000097600000|  0%| F|  |TAMS 0x0000000097500000, 0x0000000097500000| Untracked 
| 374|0x0000000097600000, 0x0000000097600000, 0x0000000097700000|  0%| F|  |TAMS 0x0000000097600000, 0x0000000097600000| Untracked 
| 375|0x0000000097700000, 0x0000000097700000, 0x0000000097800000|  0%| F|  |TAMS 0x0000000097700000, 0x0000000097700000| Untracked 
| 376|0x0000000097800000, 0x0000000097800000, 0x0000000097900000|  0%| F|  |TAMS 0x0000000097800000, 0x0000000097800000| Untracked 
| 377|0x0000000097900000, 0x0000000097900000, 0x0000000097a00000|  0%| F|  |TAMS 0x0000000097900000, 0x0000000097900000| Untracked 
| 378|0x0000000097a00000, 0x0000000097a00000, 0x0000000097b00000|  0%| F|  |TAMS 0x0000000097a00000, 0x0000000097a00000| Untracked 
| 379|0x0000000097b00000, 0x0000000097b00000, 0x0000000097c00000|  0%| F|  |TAMS 0x0000000097b00000, 0x0000000097b00000| Untracked 
| 380|0x0000000097c00000, 0x0000000097c00000, 0x0000000097d00000|  0%| F|  |TAMS 0x0000000097c00000, 0x0000000097c00000| Untracked 
| 381|0x0000000097d00000, 0x0000000097d00000, 0x0000000097e00000|  0%| F|  |TAMS 0x0000000097d00000, 0x0000000097d00000| Untracked 
| 382|0x0000000097e00000, 0x0000000097e00000, 0x0000000097f00000|  0%| F|  |TAMS 0x0000000097e00000, 0x0000000097e00000| Untracked 
| 383|0x0000000097f00000, 0x0000000097f00000, 0x0000000098000000|  0%| F|  |TAMS 0x0000000097f00000, 0x0000000097f00000| Untracked 
| 384|0x0000000098000000, 0x0000000098000000, 0x0000000098100000|  0%| F|  |TAMS 0x0000000098000000, 0x0000000098000000| Untracked 
| 385|0x0000000098100000, 0x0000000098100000, 0x0000000098200000|  0%| F|  |TAMS 0x0000000098100000, 0x0000000098100000| Untracked 
| 386|0x0000000098200000, 0x0000000098200000, 0x0000000098300000|  0%| F|  |TAMS 0x0000000098200000, 0x0000000098200000| Untracked 
| 387|0x0000000098300000, 0x0000000098300000, 0x0000000098400000|  0%| F|  |TAMS 0x0000000098300000, 0x0000000098300000| Untracked 
| 388|0x0000000098400000, 0x0000000098400000, 0x0000000098500000|  0%| F|  |TAMS 0x0000000098400000, 0x0000000098400000| Untracked 
| 389|0x0000000098500000, 0x0000000098500000, 0x0000000098600000|  0%| F|  |TAMS 0x0000000098500000, 0x0000000098500000| Untracked 
| 390|0x0000000098600000, 0x0000000098600000, 0x0000000098700000|  0%| F|  |TAMS 0x0000000098600000, 0x0000000098600000| Untracked 
| 391|0x0000000098700000, 0x0000000098700000, 0x0000000098800000|  0%| F|  |TAMS 0x0000000098700000, 0x0000000098700000| Untracked 
| 392|0x0000000098800000, 0x0000000098800000, 0x0000000098900000|  0%| F|  |TAMS 0x0000000098800000, 0x0000000098800000| Untracked 
| 393|0x0000000098900000, 0x0000000098900000, 0x0000000098a00000|  0%| F|  |TAMS 0x0000000098900000, 0x0000000098900000| Untracked 
| 394|0x0000000098a00000, 0x0000000098a00000, 0x0000000098b00000|  0%| F|  |TAMS 0x0000000098a00000, 0x0000000098a00000| Untracked 
| 395|0x0000000098b00000, 0x0000000098b00000, 0x0000000098c00000|  0%| F|  |TAMS 0x0000000098b00000, 0x0000000098b00000| Untracked 
| 396|0x0000000098c00000, 0x0000000098c00000, 0x0000000098d00000|  0%| F|  |TAMS 0x0000000098c00000, 0x0000000098c00000| Untracked 
| 397|0x0000000098d00000, 0x0000000098d00000, 0x0000000098e00000|  0%| F|  |TAMS 0x0000000098d00000, 0x0000000098d00000| Untracked 

Card table byte_map: [0x0000023d3cbd0000,0x0000023d3cfd0000] _byte_map_base: 0x0000023d3c7d0000

Marking Bits (Prev, Next): (CMBitMap*) 0x0000023d29ad8f30, (CMBitMap*) 0x0000023d29ad8ef0
 Prev Bits: [0x0000023d3f3d0000, 0x0000023d413d0000)
 Next Bits: [0x0000023d3d3d0000, 0x0000023d3f3d0000)

Polling page: 0x0000023d27a10000

Metaspace:

Usage:
  Non-class:    138.22 MB used.
      Class:     22.38 MB used.
       Both:    160.61 MB used.

Virtual space:
  Non-class space:      192.00 MB reserved,     138.75 MB ( 72%) committed,  3 nodes.
      Class space:        1.00 GB reserved,      22.94 MB (  2%) committed,  1 nodes.
             Both:        1.19 GB reserved,     161.69 MB ( 13%) committed. 

Chunk freelists:
   Non-Class:  5.28 MB
       Class:  8.95 MB
        Both:  14.23 MB

MaxMetaspaceSize: unlimited
CompressedClassSpaceSize: 1.00 GB
Initial GC threshold: 21.00 MB
Current GC threshold: 268.56 MB
CDS: off
MetaspaceReclaimPolicy: balanced
 - commit_granule_bytes: 65536.
 - commit_granule_words: 8192.
 - virtual_space_node_default_size: 8388608.
 - enlarge_chunks_in_place: 1.
 - new_chunks_are_fully_committed: 0.
 - uncommit_free_chunks: 1.
 - use_allocation_guard: 0.
 - handle_deallocations: 1.


Internal statistics:

num_allocs_failed_limit: 15.
num_arena_births: 1968.
num_arena_deaths: 160.
num_vsnodes_births: 4.
num_vsnodes_deaths: 0.
num_space_committed: 2586.
num_space_uncommitted: 0.
num_chunks_returned_to_freelist: 246.
num_chunks_taken_from_freelist: 8503.
num_chunk_merges: 94.
num_chunk_splits: 5556.
num_chunks_enlarged: 3682.
num_inconsistent_stats: 0.

CodeHeap 'non-profiled nmethods': size=119168Kb used=17416Kb max_used=17416Kb free=101751Kb
 bounds [0x0000023d34af0000, 0x0000023d35c00000, 0x0000023d3bf50000]
CodeHeap 'profiled nmethods': size=119104Kb used=50355Kb max_used=50355Kb free=68748Kb
 bounds [0x0000023d2cf50000, 0x0000023d30080000, 0x0000023d343a0000]
CodeHeap 'non-nmethods': size=7488Kb used=3541Kb max_used=3646Kb free=3946Kb
 bounds [0x0000023d343a0000, 0x0000023d34740000, 0x0000023d34af0000]
 total_blobs=24620 nmethods=23652 adapters=875
 compilation: enabled
              stopped_count=0, restarted_count=0
 full_count=0

Compilation events (20 events):
Event: 583.100 Thread 0x0000023d4b20be50 29050       3       com.android.tools.r8.graph.D2::a (230 bytes)
Event: 583.100 Thread 0x0000023d4b20be50 nmethod 29050 0x0000023d30031510 code [0x0000023d30031920, 0x0000023d30033d48]
Event: 583.102 Thread 0x0000023d4e1f8430 29052       3       com.android.tools.r8.dex.L::a (81 bytes)
Event: 583.103 Thread 0x0000023d4e1f8430 nmethod 29052 0x0000023d30034890 code [0x0000023d30034a80, 0x0000023d30034f28]
Event: 583.106 Thread 0x0000023d4e1f8430 29053       2       com.android.tools.r8.internal.dS::<init> (12 bytes)
Event: 583.106 Thread 0x0000023d4e1f8430 nmethod 29053 0x0000023d30035290 code [0x0000023d30035420, 0x0000023d300355a8]
Event: 583.114 Thread 0x0000023d4b20b900 29056 %     3       com.android.tools.r8.ir.optimize.z::a @ 97 (1373 bytes)
Event: 583.117 Thread 0x0000023d4e1f8430 29057       2       com.android.tools.r8.ir.optimize.z$$Lambda$5054/0x000000010154f7a8::test (8 bytes)
Event: 583.117 Thread 0x0000023d4e1f8430 nmethod 29057 0x0000023d30035690 code [0x0000023d30035840, 0x0000023d300359a8]
Event: 583.118 Thread 0x0000023d4b20b900 nmethod 29056% 0x0000023d30035a90 code [0x0000023d300369e0, 0x0000023d30041ed8]
Event: 583.119 Thread 0x0000023d4b20b900 29058 %     3       com.android.tools.r8.ir.optimize.M::a @ 57 (767 bytes)
Event: 583.120 Thread 0x0000023d4b20be50 29059       3       com.android.tools.r8.ir.regalloc.b::b (4448 bytes)
Event: 583.121 Thread 0x0000023d4b20b900 nmethod 29058% 0x0000023d30045390 code [0x0000023d30045ca0, 0x0000023d3004c5a8]
Event: 583.126 Thread 0x0000023d444bc7f0 29061 %     3       com.android.tools.r8.internal.Jl::a @ 10 (1063 bytes)
Event: 583.128 Thread 0x0000023d4b20b900 29062       3       com.android.tools.r8.graph.J0::c (161 bytes)
Event: 583.129 Thread 0x0000023d4b20b900 nmethod 29062 0x0000023d3004e510 code [0x0000023d3004e6c0, 0x0000023d3004e978]
Event: 583.130 Thread 0x0000023d444bc7f0 nmethod 29061% 0x0000023d3004eb10 code [0x0000023d3004f6a0, 0x0000023d30058928]
Event: 583.135 Thread 0x0000023d4b20be50 nmethod 29059 0x0000023d3005b310 code [0x0000023d3005d780, 0x0000023d30076108]
Event: 583.146 Thread 0x0000023d444bc7f0 29066       3       com.android.tools.r8.graph.J0::a (42 bytes)
Event: 583.146 Thread 0x0000023d444bc7f0 nmethod 29066 0x0000023d3007eb10 code [0x0000023d3007ecc0, 0x0000023d3007efc8]

GC Heap History (20 events):
Event: 24.061 GC heap after
{Heap after GC invocations=48 (full 0):
 garbage-first heap   total 317440K, used 185694K [0x0000000080000000, 0x0000000100000000)
  region size 1024K, 4 young (4096K), 4 survivors (4096K)
 Metaspace       used 161533K, committed 162560K, reserved 1245184K
  class space    used 22665K, committed 23168K, reserved 1048576K
}
Event: 579.922 GC heap before
{Heap before GC invocations=49 (full 0):
 garbage-first heap   total 317440K, used 286046K [0x0000000080000000, 0x0000000100000000)
  region size 1024K, 85 young (87040K), 4 survivors (4096K)
 Metaspace       used 163166K, committed 164224K, reserved 1245184K
  class space    used 22919K, committed 23424K, reserved 1048576K
}
Event: 579.928 GC heap after
{Heap after GC invocations=50 (full 0):
 garbage-first heap   total 317440K, used 180773K [0x0000000080000000, 0x0000000100000000)
  region size 1024K, 7 young (7168K), 7 survivors (7168K)
 Metaspace       used 163166K, committed 164224K, reserved 1245184K
  class space    used 22919K, committed 23424K, reserved 1048576K
}
Event: 579.988 GC heap before
{Heap before GC invocations=50 (full 0):
 garbage-first heap   total 317440K, used 188965K [0x0000000080000000, 0x0000000100000000)
  region size 1024K, 15 young (15360K), 7 survivors (7168K)
 Metaspace       used 163294K, committed 164352K, reserved 1245184K
  class space    used 22923K, committed 23424K, reserved 1048576K
}
Event: 579.993 GC heap after
{Heap after GC invocations=51 (full 0):
 garbage-first heap   total 317440K, used 165056K [0x0000000080000000, 0x0000000100000000)
  region size 1024K, 2 young (2048K), 2 survivors (2048K)
 Metaspace       used 163294K, committed 164352K, reserved 1245184K
  class space    used 22923K, committed 23424K, reserved 1048576K
}
Event: 580.264 GC heap before
{Heap before GC invocations=51 (full 0):
 garbage-first heap   total 317440K, used 203968K [0x0000000080000000, 0x0000000100000000)
  region size 1024K, 42 young (43008K), 2 survivors (2048K)
 Metaspace       used 163551K, committed 164608K, reserved 1245184K
  class space    used 22931K, committed 23488K, reserved 1048576K
}
Event: 580.267 GC heap after
{Heap after GC invocations=52 (full 0):
 garbage-first heap   total 317440K, used 170830K [0x0000000080000000, 0x0000000100000000)
  region size 1024K, 8 young (8192K), 8 survivors (8192K)
 Metaspace       used 163551K, committed 164608K, reserved 1245184K
  class space    used 22931K, committed 23488K, reserved 1048576K
}
Event: 580.584 GC heap before
{Heap before GC invocations=53 (full 0):
 garbage-first heap   total 317440K, used 285518K [0x0000000080000000, 0x0000000100000000)
  region size 1024K, 91 young (93184K), 8 survivors (8192K)
 Metaspace       used 163708K, committed 164800K, reserved 1245184K
  class space    used 22916K, committed 23488K, reserved 1048576K
}
Event: 580.589 GC heap after
{Heap after GC invocations=54 (full 0):
 garbage-first heap   total 317440K, used 174494K [0x0000000080000000, 0x0000000100000000)
  region size 1024K, 5 young (5120K), 5 survivors (5120K)
 Metaspace       used 163708K, committed 164800K, reserved 1245184K
  class space    used 22916K, committed 23488K, reserved 1048576K
}
Event: 580.639 GC heap before
{Heap before GC invocations=54 (full 0):
 garbage-first heap   total 317440K, used 183710K [0x0000000080000000, 0x0000000100000000)
  region size 1024K, 15 young (15360K), 5 survivors (5120K)
 Metaspace       used 163767K, committed 164800K, reserved 1245184K
  class space    used 22917K, committed 23488K, reserved 1048576K
}
Event: 580.646 GC heap after
{Heap after GC invocations=55 (full 0):
 garbage-first heap   total 317440K, used 151859K [0x0000000080000000, 0x0000000100000000)
  region size 1024K, 2 young (2048K), 2 survivors (2048K)
 Metaspace       used 163767K, committed 164800K, reserved 1245184K
  class space    used 22917K, committed 23488K, reserved 1048576K
}
Event: 580.703 GC heap before
{Heap before GC invocations=55 (full 0):
 garbage-first heap   total 317440K, used 164147K [0x0000000080000000, 0x0000000100000000)
  region size 1024K, 15 young (15360K), 2 survivors (2048K)
 Metaspace       used 163832K, committed 164864K, reserved 1245184K
  class space    used 22917K, committed 23488K, reserved 1048576K
}
Event: 580.706 GC heap after
{Heap after GC invocations=56 (full 0):
 garbage-first heap   total 317440K, used 149850K [0x0000000080000000, 0x0000000100000000)
  region size 1024K, 1 young (1024K), 1 survivors (1024K)
 Metaspace       used 163832K, committed 164864K, reserved 1245184K
  class space    used 22917K, committed 23488K, reserved 1048576K
}
Event: 581.933 GC heap before
{Heap before GC invocations=56 (full 0):
 garbage-first heap   total 317440K, used 254298K [0x0000000080000000, 0x0000000100000000)
  region size 1024K, 104 young (106496K), 1 survivors (1024K)
 Metaspace       used 163896K, committed 164928K, reserved 1245184K
  class space    used 22917K, committed 23488K, reserved 1048576K
}
Event: 581.934 GC heap after
{Heap after GC invocations=57 (full 0):
 garbage-first heap   total 317440K, used 150079K [0x0000000080000000, 0x0000000100000000)
  region size 1024K, 1 young (1024K), 1 survivors (1024K)
 Metaspace       used 163896K, committed 164928K, reserved 1245184K
  class space    used 22917K, committed 23488K, reserved 1048576K
}
Event: 583.009 GC heap before
{Heap before GC invocations=58 (full 0):
 garbage-first heap   total 317440K, used 263743K [0x0000000080000000, 0x0000000100000000)
  region size 1024K, 109 young (111616K), 1 survivors (1024K)
 Metaspace       used 164355K, committed 165376K, reserved 1245184K
  class space    used 22920K, committed 23488K, reserved 1048576K
}
Event: 583.011 GC heap after
{Heap after GC invocations=59 (full 0):
 garbage-first heap   total 317440K, used 154948K [0x0000000080000000, 0x0000000100000000)
  region size 1024K, 4 young (4096K), 4 survivors (4096K)
 Metaspace       used 164355K, committed 165376K, reserved 1245184K
  class space    used 22920K, committed 23488K, reserved 1048576K
}
Event: 583.022 GC heap before
{Heap before GC invocations=59 (full 0):
 garbage-first heap   total 317440K, used 165188K [0x0000000080000000, 0x0000000100000000)
  region size 1024K, 15 young (15360K), 4 survivors (4096K)
 Metaspace       used 164367K, committed 165440K, reserved 1245184K
  class space    used 22920K, committed 23488K, reserved 1048576K
}
Event: 583.025 GC heap after
{Heap after GC invocations=60 (full 0):
 garbage-first heap   total 317440K, used 149526K [0x0000000080000000, 0x0000000100000000)
  region size 1024K, 2 young (2048K), 2 survivors (2048K)
 Metaspace       used 164367K, committed 165440K, reserved 1245184K
  class space    used 22920K, committed 23488K, reserved 1048576K
}
Event: 583.147 GC heap before
{Heap before GC invocations=60 (full 0):
 garbage-first heap   total 317440K, used 240662K [0x0000000080000000, 0x0000000100000000)
  region size 1024K, 93 young (95232K), 2 survivors (2048K)
 Metaspace       used 164460K, committed 165568K, reserved 1245184K
  class space    used 22920K, committed 23488K, reserved 1048576K
}

Dll operation events (3 events):
Event: 0.005 Loaded shared library C:\Program Files\Android\Android Studio\jbr\bin\java.dll
Event: 0.079 Loaded shared library C:\Program Files\Android\Android Studio\jbr\bin\zip.dll
Event: 0.233 Loaded shared library C:\Program Files\Android\Android Studio\jbr\bin\verify.dll

Deoptimization events (20 events):
Event: 583.102 Thread 0x0000023d55c953f0 DEOPT PACKING pc=0x0000023d2f77ab30 sp=0x00000082e84fcc80
Event: 583.102 Thread 0x0000023d55c953f0 DEOPT UNPACKING pc=0x0000023d343f7143 sp=0x00000082e84fc150 mode 0
Event: 583.110 Thread 0x0000023d55b42dc0 DEOPT PACKING pc=0x0000023d3001f214 sp=0x00000082e49fbd80
Event: 583.110 Thread 0x0000023d55b42dc0 DEOPT UNPACKING pc=0x0000023d343f7143 sp=0x00000082e49fb268 mode 0
Event: 583.120 Thread 0x0000023d55b42dc0 DEOPT PACKING pc=0x0000023d2f57852e sp=0x00000082e49fba80
Event: 583.120 Thread 0x0000023d55b42dc0 DEOPT UNPACKING pc=0x0000023d343f7143 sp=0x00000082e49fb2e8 mode 0
Event: 583.133 Thread 0x0000023d55b42dc0 DEOPT PACKING pc=0x0000023d3001f214 sp=0x00000082e49fcd40
Event: 583.133 Thread 0x0000023d55b42dc0 DEOPT UNPACKING pc=0x0000023d343f7143 sp=0x00000082e49fc228 mode 0
Event: 583.134 Thread 0x0000023d55b42dc0 DEOPT PACKING pc=0x0000023d3001f214 sp=0x00000082e49fcd40
Event: 583.134 Thread 0x0000023d55b42dc0 DEOPT UNPACKING pc=0x0000023d343f7143 sp=0x00000082e49fc228 mode 0
Event: 583.134 Thread 0x0000023d55b42dc0 DEOPT PACKING pc=0x0000023d3001f214 sp=0x00000082e49fcd40
Event: 583.134 Thread 0x0000023d55b42dc0 DEOPT UNPACKING pc=0x0000023d343f7143 sp=0x00000082e49fc228 mode 0
Event: 583.135 Thread 0x0000023d55b42dc0 DEOPT PACKING pc=0x0000023d3001f214 sp=0x00000082e49fcd40
Event: 583.135 Thread 0x0000023d55b42dc0 DEOPT UNPACKING pc=0x0000023d343f7143 sp=0x00000082e49fc228 mode 0
Event: 583.137 Thread 0x0000023d55b42dc0 DEOPT PACKING pc=0x0000023d3001f214 sp=0x00000082e49fccf0
Event: 583.137 Thread 0x0000023d55b42dc0 DEOPT UNPACKING pc=0x0000023d343f7143 sp=0x00000082e49fc1d8 mode 0
Event: 583.138 Thread 0x0000023d55b42dc0 DEOPT PACKING pc=0x0000023d3001f214 sp=0x00000082e49fccf0
Event: 583.138 Thread 0x0000023d55b42dc0 DEOPT UNPACKING pc=0x0000023d343f7143 sp=0x00000082e49fc1d8 mode 0
Event: 583.139 Thread 0x0000023d55b42dc0 DEOPT PACKING pc=0x0000023d3001f214 sp=0x00000082e49fccf0
Event: 583.139 Thread 0x0000023d55b42dc0 DEOPT UNPACKING pc=0x0000023d343f7143 sp=0x00000082e49fc1d8 mode 0

Classes unloaded (20 events):
Event: 580.307 Thread 0x0000023d44069b40 Unloading class 0x00000001015a4400 'java/lang/invoke/LambdaForm$DMH+0x00000001015a4400'
Event: 580.307 Thread 0x0000023d44069b40 Unloading class 0x000000010156a800 'java/lang/invoke/LambdaForm$DMH+0x000000010156a800'
Event: 580.307 Thread 0x0000023d44069b40 Unloading class 0x000000010156a000 'java/lang/invoke/LambdaForm$DMH+0x000000010156a000'
Event: 580.307 Thread 0x0000023d44069b40 Unloading class 0x0000000101569800 'java/lang/invoke/LambdaForm$DMH+0x0000000101569800'
Event: 580.307 Thread 0x0000023d44069b40 Unloading class 0x0000000101569c00 'java/lang/invoke/LambdaForm$DMH+0x0000000101569c00'
Event: 580.307 Thread 0x0000023d44069b40 Unloading class 0x0000000101569400 'java/lang/invoke/LambdaForm$DMH+0x0000000101569400'
Event: 580.307 Thread 0x0000023d44069b40 Unloading class 0x0000000101569000 'java/lang/invoke/LambdaForm$DMH+0x0000000101569000'
Event: 580.307 Thread 0x0000023d44069b40 Unloading class 0x0000000101568000 'java/lang/invoke/LambdaForm$DMH+0x0000000101568000'
Event: 580.307 Thread 0x0000023d44069b40 Unloading class 0x000000010156a400 'java/lang/invoke/LambdaForm$DMH+0x000000010156a400'
Event: 580.307 Thread 0x0000023d44069b40 Unloading class 0x0000000101568c00 'java/lang/invoke/LambdaForm$DMH+0x0000000101568c00'
Event: 580.307 Thread 0x0000023d44069b40 Unloading class 0x0000000101568800 'java/lang/invoke/LambdaForm$DMH+0x0000000101568800'
Event: 580.307 Thread 0x0000023d44069b40 Unloading class 0x000000010155c800 'java/lang/invoke/LambdaForm$DMH+0x000000010155c800'
Event: 580.307 Thread 0x0000023d44069b40 Unloading class 0x000000010155c400 'java/lang/invoke/LambdaForm$DMH+0x000000010155c400'
Event: 580.307 Thread 0x0000023d44069b40 Unloading class 0x000000010151dc00 'java/lang/invoke/LambdaForm$DMH+0x000000010151dc00'
Event: 580.307 Thread 0x0000023d44069b40 Unloading class 0x000000010151d800 'java/lang/invoke/LambdaForm$DMH+0x000000010151d800'
Event: 580.307 Thread 0x0000023d44069b40 Unloading class 0x000000010151c400 'java/lang/invoke/LambdaForm$DMH+0x000000010151c400'
Event: 580.307 Thread 0x0000023d44069b40 Unloading class 0x000000010151cc00 'java/lang/invoke/LambdaForm$DMH+0x000000010151cc00'
Event: 580.307 Thread 0x0000023d44069b40 Unloading class 0x000000010151d000 'java/lang/invoke/LambdaForm$DMH+0x000000010151d000'
Event: 580.307 Thread 0x0000023d44069b40 Unloading class 0x000000010151c000 'java/lang/invoke/LambdaForm$DMH+0x000000010151c000'
Event: 580.307 Thread 0x0000023d44069b40 Unloading class 0x000000010151d400 'java/lang/invoke/LambdaForm$DMH+0x000000010151d400'

Classes redefined (0 events):
No events

Internal exceptions (20 events):
Event: 582.882 Thread 0x0000023d5656ee10 Exception <a 'sun/nio/fs/WindowsException'{0x000000008df915d8}> (0x000000008df915d8) 
thrown [s\src\hotspot\share\prims\jni.cpp, line 531]
Event: 582.885 Thread 0x0000023d5656ee10 Exception <a 'sun/nio/fs/WindowsException'{0x000000008dfd1d30}> (0x000000008dfd1d30) 
thrown [s\src\hotspot\share\prims\jni.cpp, line 531]
Event: 582.892 Thread 0x0000023d5656ee10 Exception <a 'sun/nio/fs/WindowsException'{0x000000008de502b8}> (0x000000008de502b8) 
thrown [s\src\hotspot\share\prims\jni.cpp, line 531]
Event: 582.897 Thread 0x0000023d5656ee10 Exception <a 'sun/nio/fs/WindowsException'{0x000000008de9dcd0}> (0x000000008de9dcd0) 
thrown [s\src\hotspot\share\prims\jni.cpp, line 531]
Event: 582.903 Thread 0x0000023d5656ee10 Exception <a 'sun/nio/fs/WindowsException'{0x000000008dd02cc0}> (0x000000008dd02cc0) 
thrown [s\src\hotspot\share\prims\jni.cpp, line 531]
Event: 582.908 Thread 0x0000023d5656ee10 Exception <a 'sun/nio/fs/WindowsException'{0x000000008dd81d28}> (0x000000008dd81d28) 
thrown [s\src\hotspot\share\prims\jni.cpp, line 531]
Event: 582.916 Thread 0x0000023d5656ee10 Exception <a 'sun/nio/fs/WindowsException'{0x000000008dc794b0}> (0x000000008dc794b0) 
thrown [s\src\hotspot\share\prims\jni.cpp, line 531]
Event: 582.922 Thread 0x0000023d5656ee10 Exception <a 'sun/nio/fs/WindowsException'{0x000000008dcb94e0}> (0x000000008dcb94e0) 
thrown [s\src\hotspot\share\prims\jni.cpp, line 531]
Event: 582.923 Thread 0x0000023d5656ee10 Exception <a 'sun/nio/fs/WindowsException'{0x000000008dcb9958}> (0x000000008dcb9958) 
thrown [s\src\hotspot\share\prims\jni.cpp, line 531]
Event: 582.923 Thread 0x0000023d5656ee10 Exception <a 'sun/nio/fs/WindowsException'{0x000000008dcc0d30}> (0x000000008dcc0d30) 
thrown [s\src\hotspot\share\prims\jni.cpp, line 531]
Event: 582.923 Thread 0x0000023d5656ee10 Exception <a 'sun/nio/fs/WindowsException'{0x000000008dcc10d8}> (0x000000008dcc10d8) 
thrown [s\src\hotspot\share\prims\jni.cpp, line 531]
Event: 582.926 Thread 0x0000023d5656ee10 Exception <a 'sun/nio/fs/WindowsException'{0x000000008db02840}> (0x000000008db02840) 
thrown [s\src\hotspot\share\prims\jni.cpp, line 531]
Event: 582.930 Thread 0x0000023d5656ee10 Exception <a 'sun/nio/fs/WindowsException'{0x000000008db3cd38}> (0x000000008db3cd38) 
thrown [s\src\hotspot\share\prims\jni.cpp, line 531]
Event: 582.934 Thread 0x0000023d5656ee10 Exception <a 'sun/nio/fs/WindowsException'{0x000000008db6b678}> (0x000000008db6b678) 
thrown [s\src\hotspot\share\prims\jni.cpp, line 531]
Event: 582.939 Thread 0x0000023d5656ee10 Exception <a 'sun/nio/fs/WindowsException'{0x000000008dbc7fd0}> (0x000000008dbc7fd0) 
thrown [s\src\hotspot\share\prims\jni.cpp, line 531]
Event: 582.943 Thread 0x0000023d5656ee10 Exception <a 'sun/nio/fs/WindowsException'{0x000000008da147a0}> (0x000000008da147a0) 
thrown [s\src\hotspot\share\prims\jni.cpp, line 531]
Event: 582.946 Thread 0x0000023d5656ee10 Exception <a 'sun/nio/fs/WindowsException'{0x000000008da4bbc8}> (0x000000008da4bbc8) 
thrown [s\src\hotspot\share\prims\jni.cpp, line 531]
Event: 583.003 Thread 0x0000023d5656ee10 Exception <a 'sun/nio/fs/WindowsException'{0x000000008cf98368}> (0x000000008cf98368) 
thrown [s\src\hotspot\share\prims\jni.cpp, line 531]
Event: 583.007 Thread 0x0000023d4caf2770 Exception <a 'sun/nio/fs/WindowsException'{0x000000008cc579f8}> (0x000000008cc579f8) 
thrown [s\src\hotspot\share\prims\jni.cpp, line 531]
Event: 583.035 Thread 0x0000023d4caf2770 Exception <a 'sun/nio/fs/WindowsException'{0x0000000092b3d170}> (0x0000000092b3d170) 
thrown [s\src\hotspot\share\prims\jni.cpp, line 531]

VM Operations (20 events):
Event: 580.706 Executing VM operation: G1CollectForAllocation done
Event: 581.932 Executing VM operation: G1CollectForAllocation
Event: 581.934 Executing VM operation: G1CollectForAllocation done
Event: 581.985 Executing VM operation: G1PauseRemark
Event: 581.988 Executing VM operation: G1PauseRemark done
Event: 582.010 Executing VM operation: G1PauseCleanup
Event: 582.010 Executing VM operation: G1PauseCleanup done
Event: 582.090 Executing VM operation: HandshakeAllThreads
Event: 582.090 Executing VM operation: HandshakeAllThreads done
Event: 582.831 Executing VM operation: ICBufferFull
Event: 582.831 Executing VM operation: ICBufferFull done
Event: 582.883 Executing VM operation: ICBufferFull
Event: 582.883 Executing VM operation: ICBufferFull done
Event: 583.006 Executing VM operation: ICBufferFull
Event: 583.006 Executing VM operation: ICBufferFull done
Event: 583.009 Executing VM operation: G1CollectForAllocation
Event: 583.012 Executing VM operation: G1CollectForAllocation done
Event: 583.022 Executing VM operation: G1CollectForAllocation
Event: 583.025 Executing VM operation: G1CollectForAllocation done
Event: 583.147 Executing VM operation: G1TryInitiateConcMark

Events (20 events):
Event: 582.582 Thread 0x0000023d564b5c20 Thread added: 0x0000023d564b5c20
Event: 582.582 Thread 0x0000023d564b42d0 Thread added: 0x0000023d564b42d0
Event: 582.582 Thread 0x0000023d564b6130 Thread added: 0x0000023d564b6130
Event: 582.582 Thread 0x0000023d564b3dc0 Thread added: 0x0000023d564b3dc0
Event: 582.582 Thread 0x0000023d56e58e10 Thread added: 0x0000023d56e58e10
Event: 582.582 Thread 0x0000023d56e57ee0 Thread added: 0x0000023d56e57ee0
Event: 583.005 Thread 0x0000023d55b437e0 Thread added: 0x0000023d55b437e0
Event: 583.005 Thread 0x0000023d55b43cf0 Thread added: 0x0000023d55b43cf0
Event: 583.005 Thread 0x0000023d55b432d0 Thread added: 0x0000023d55b432d0
Event: 583.005 Thread 0x0000023d55b423a0 Thread added: 0x0000023d55b423a0
Event: 583.006 Thread 0x0000023d56e579d0 Thread added: 0x0000023d56e579d0
Event: 583.006 Thread 0x0000023d56e9bf50 Thread added: 0x0000023d56e9bf50
Event: 583.007 Thread 0x0000023d56e9c970 Thread added: 0x0000023d56e9c970
Event: 583.007 Thread 0x0000023d55c93590 Thread added: 0x0000023d55c93590
Event: 583.007 Thread 0x0000023d55c93fb0 Thread added: 0x0000023d55c93fb0
Event: 583.008 Thread 0x0000023d55c953f0 Thread added: 0x0000023d55c953f0
Event: 583.008 Thread 0x0000023d55c95900 Thread added: 0x0000023d55c95900
Event: 583.008 Thread 0x0000023d5544ac50 Thread added: 0x0000023d5544ac50
Event: 583.012 Thread 0x0000023d55b428b0 Thread added: 0x0000023d55b428b0
Event: 583.014 Thread 0x0000023d55f5f1b0 Thread exited: 0x0000023d55f5f1b0


Dynamic libraries:
0x00007ff7b5100000 - 0x00007ff7b510a000 	C:\Program Files\Android\Android Studio\jbr\bin\java.exe
0x00007ffd98670000 - 0x00007ffd98887000 	C:\Windows\SYSTEM32\ntdll.dll
0x00007ffd96e60000 - 0x00007ffd96f24000 	C:\Windows\System32\KERNEL32.DLL
0x00007ffd95e90000 - 0x00007ffd9624a000 	C:\Windows\System32\KERNELBASE.dll
0x00007ffd96250000 - 0x00007ffd96361000 	C:\Windows\System32\ucrtbase.dll
0x00007ffd6c290000 - 0x00007ffd6c2a7000 	C:\Program Files\Android\Android Studio\jbr\bin\jli.dll
0x00007ffd38b40000 - 0x00007ffd38b5b000 	C:\Program Files\Android\Android Studio\jbr\bin\VCRUNTIME140.dll
0x00007ffd969a0000 - 0x00007ffd96b4e000 	C:\Windows\System32\USER32.dll
0x00007ffd85380000 - 0x00007ffd85612000 	C:\Windows\WinSxS\amd64_microsoft.windows.common-controls_6595b64144ccf1df_6.0.22621.4541_none_2710d1c57384c085\COMCTL32.dll
0x00007ffd95e60000 - 0x00007ffd95e86000 	C:\Windows\System32\win32u.dll
0x00007ffd96f80000 - 0x00007ffd97027000 	C:\Windows\System32\msvcrt.dll
0x00007ffd96d70000 - 0x00007ffd96d99000 	C:\Windows\System32\GDI32.dll
0x00007ffd95bd0000 - 0x00007ffd95ceb000 	C:\Windows\System32\gdi32full.dll
0x00007ffd95b30000 - 0x00007ffd95bca000 	C:\Windows\System32\msvcp_win.dll
0x00007ffd96f30000 - 0x00007ffd96f61000 	C:\Windows\System32\IMM32.DLL
0x00007ffd49bc0000 - 0x00007ffd49bcc000 	C:\Program Files\Android\Android Studio\jbr\bin\vcruntime140_1.dll
0x00007ffd38ab0000 - 0x00007ffd38b3d000 	C:\Program Files\Android\Android Studio\jbr\bin\msvcp140.dll
0x00007ffd37ac0000 - 0x00007ffd38743000 	C:\Program Files\Android\Android Studio\jbr\bin\server\jvm.dll
0x00007ffd968e0000 - 0x00007ffd96992000 	C:\Windows\System32\ADVAPI32.dll
0x00007ffd97660000 - 0x00007ffd97707000 	C:\Windows\System32\sechost.dll
0x00007ffd95e30000 - 0x00007ffd95e58000 	C:\Windows\System32\bcrypt.dll
0x00007ffd98360000 - 0x00007ffd98474000 	C:\Windows\System32\RPCRT4.dll
0x00007ffd94790000 - 0x00007ffd947dd000 	C:\Windows\SYSTEM32\POWRPROF.dll
0x00007ffd8fec0000 - 0x00007ffd8fef4000 	C:\Windows\SYSTEM32\WINMM.dll
0x00007ffd89e10000 - 0x00007ffd89e1a000 	C:\Windows\SYSTEM32\VERSION.dll
0x00007ffd8e0c0000 - 0x00007ffd8e0c9000 	C:\Windows\SYSTEM32\WSOCK32.dll
0x00007ffd96370000 - 0x00007ffd963e1000 	C:\Windows\System32\WS2_32.dll
0x00007ffd94770000 - 0x00007ffd94783000 	C:\Windows\SYSTEM32\UMPDC.dll
0x00007ffd94990000 - 0x00007ffd949a8000 	C:\Windows\SYSTEM32\kernel.appcore.dll
0x00007ffd8e0e0000 - 0x00007ffd8e0ea000 	C:\Program Files\Android\Android Studio\jbr\bin\jimage.dll
0x00007ffd92da0000 - 0x00007ffd92fd2000 	C:\Windows\SYSTEM32\DBGHELP.DLL
0x00007ffd96500000 - 0x00007ffd9688f000 	C:\Windows\System32\combase.dll
0x00007ffd96420000 - 0x00007ffd964f7000 	C:\Windows\System32\OLEAUT32.dll
0x00007ffd78280000 - 0x00007ffd782b2000 	C:\Windows\SYSTEM32\dbgcore.DLL
0x00007ffd95cf0000 - 0x00007ffd95d6b000 	C:\Windows\System32\bcryptPrimitives.dll
0x00007ffd72ce0000 - 0x00007ffd72cee000 	C:\Program Files\Android\Android Studio\jbr\bin\instrument.dll
0x00007ffd8e020000 - 0x00007ffd8e045000 	C:\Program Files\Android\Android Studio\jbr\bin\java.dll
0x00007ffd8c370000 - 0x00007ffd8c388000 	C:\Program Files\Android\Android Studio\jbr\bin\zip.dll
0x00007ffd97800000 - 0x00007ffd98078000 	C:\Windows\System32\SHELL32.dll
0x00007ffd93840000 - 0x00007ffd94148000 	C:\Windows\SYSTEM32\windows.storage.dll
0x00007ffd93700000 - 0x00007ffd9383f000 	C:\Windows\SYSTEM32\wintypes.dll
0x00007ffd98080000 - 0x00007ffd9817a000 	C:\Windows\System32\SHCORE.dll
0x00007ffd97710000 - 0x00007ffd9776e000 	C:\Windows\System32\shlwapi.dll
0x00007ffd95870000 - 0x00007ffd9589b000 	C:\Windows\SYSTEM32\profapi.dll
0x00007ffd72d80000 - 0x00007ffd72d99000 	C:\Program Files\Android\Android Studio\jbr\bin\net.dll
0x00007ffd8e510000 - 0x00007ffd8e646000 	C:\Windows\SYSTEM32\WINHTTP.dll
0x00007ffd94ea0000 - 0x00007ffd94f09000 	C:\Windows\system32\mswsock.dll
0x00007ffd72d60000 - 0x00007ffd72d76000 	C:\Program Files\Android\Android Studio\jbr\bin\nio.dll
0x00007ffd72cf0000 - 0x00007ffd72d00000 	C:\Program Files\Android\Android Studio\jbr\bin\verify.dll
0x00007ffd62a90000 - 0x00007ffd62ab7000 	C:\Users\rtmori\.gradle\native\c067742578af261105cb4f569cf0c3c89f3d7b1fecec35dd04571415982c5e48\windows-amd64\native-platform.dll
0x00007ffd2fe00000 - 0x00007ffd2ff44000 	C:\Users\rtmori\.gradle\native\38dada09dfb8b06ba9b0570ebf7e218e3eb74d4ef43ca46872605cf95ebc2f47\windows-amd64\native-platform-file-events.dll
0x00007ffd7a130000 - 0x00007ffd7a139000 	C:\Program Files\Android\Android Studio\jbr\bin\management.dll
0x00007ffd795c0000 - 0x00007ffd795cb000 	C:\Program Files\Android\Android Studio\jbr\bin\management_ext.dll
0x00007ffd96e30000 - 0x00007ffd96e38000 	C:\Windows\System32\PSAPI.DLL
0x00007ffd95120000 - 0x00007ffd9513b000 	C:\Windows\SYSTEM32\CRYPTSP.dll
0x00007ffd949b0000 - 0x00007ffd949e5000 	C:\Windows\system32\rsaenh.dll
0x00007ffd94f40000 - 0x00007ffd94f68000 	C:\Windows\SYSTEM32\USERENV.dll
0x00007ffd950b0000 - 0x00007ffd950bc000 	C:\Windows\SYSTEM32\CRYPTBASE.dll
0x00007ffd94420000 - 0x00007ffd9444d000 	C:\Windows\SYSTEM32\IPHLPAPI.DLL
0x00007ffd96f70000 - 0x00007ffd96f79000 	C:\Windows\System32\NSI.dll
0x00007ffd8e0a0000 - 0x00007ffd8e0b9000 	C:\Windows\SYSTEM32\dhcpcsvc6.DLL
0x00007ffd8e080000 - 0x00007ffd8e09f000 	C:\Windows\SYSTEM32\dhcpcsvc.DLL
0x00007ffd94490000 - 0x00007ffd94592000 	C:\Windows\SYSTEM32\DNSAPI.dll
0x00007ffd8bd00000 - 0x00007ffd8bd09000 	C:\Program Files\Android\Android Studio\jbr\bin\extnet.dll
0x00007ffd54750000 - 0x00007ffd54758000 	C:\Windows\system32\wshunix.dll
0x00007ffd87e20000 - 0x00007ffd87e2a000 	C:\Windows\System32\rasadhlp.dll
0x00007ffd8b920000 - 0x00007ffd8b9a3000 	C:\Windows\System32\fwpuclnt.dll
0x00007ffd75d00000 - 0x00007ffd75d17000 	C:\Windows\system32\napinsp.dll
0x00007ffd6ff20000 - 0x00007ffd6ff3b000 	C:\Windows\system32\pnrpnsp.dll
0x00007ffd6d520000 - 0x00007ffd6d531000 	C:\Windows\System32\winrnr.dll
0x00007ffd8d2c0000 - 0x00007ffd8d2d5000 	C:\Windows\system32\wshbth.dll
0x00007ffd6a4f0000 - 0x00007ffd6a517000 	C:\Windows\system32\nlansp_c.dll
0x00007ffd94b40000 - 0x00007ffd94b74000 	C:\Windows\SYSTEM32\ntmarta.dll
0x00007ffd2fde0000 - 0x00007ffd2fdfe000 	C:\Users\rtmori\AppData\Local\Temp\native-platform5048130317603882817dir\native-platform.dll
0x00007ffd3f980000 - 0x00007ffd3f987000 	C:\Program Files\Android\Android Studio\jbr\bin\rmi.dll

dbghelp: loaded successfully - version: 4.0.5 - missing functions: none
symbol engine: initialized successfully - sym options: 0x614 - pdb path: .;C:\Program Files\Android\Android Studio\jbr\bin;C:\Windows\SYSTEM32;C:\Windows\WinSxS\amd64_microsoft.windows.common-controls_6595b64144ccf1df_6.0.22621.4541_none_2710d1c57384c085;C:\Program Files\Android\Android Studio\jbr\bin\server;C:\Users\rtmori\.gradle\native\c067742578af261105cb4f569cf0c3c89f3d7b1fecec35dd04571415982c5e48\windows-amd64;C:\Users\rtmori\.gradle\native\38dada09dfb8b06ba9b0570ebf7e218e3eb74d4ef43ca46872605cf95ebc2f47\windows-amd64;C:\Users\rtmori\AppData\Local\Temp\native-platform5048130317603882817dir

VM Arguments:
jvm_args: --add-opens=java.base/java.util=ALL-UNNAMED --add-opens=java.base/java.lang=ALL-UNNAMED --add-opens=java.base/java.lang.invoke=ALL-UNNAMED --add-opens=java.prefs/java.util.prefs=ALL-UNNAMED --add-opens=java.base/java.nio.charset=ALL-UNNAMED --add-opens=java.base/java.net=ALL-UNNAMED --add-opens=java.base/java.util.concurrent.atomic=ALL-UNNAMED -Xmx2048m -Dfile.encoding=UTF-8 -Duser.country=ID -Duser.language=en -Duser.variant -javaagent:C:\Users\rtmori\.gradle\wrapper\dists\gradle-8.7-bin\bhs2wmbdwecv87pi65oeuq5iu\gradle-8.7\lib\agents\gradle-instrumentation-agent-8.7.jar 
java_command: org.gradle.launcher.daemon.bootstrap.GradleDaemon 8.7
java_class_path (initial): C:\Users\rtmori\.gradle\wrapper\dists\gradle-8.7-bin\bhs2wmbdwecv87pi65oeuq5iu\gradle-8.7\lib\gradle-launcher-8.7.jar
Launcher Type: SUN_STANDARD

[Global flags]
     intx CICompilerCount                          = 12                                        {product} {ergonomic}
     uint ConcGCThreads                            = 3                                         {product} {ergonomic}
     uint G1ConcRefinementThreads                  = 13                                        {product} {ergonomic}
   size_t G1HeapRegionSize                         = 1048576                                   {product} {ergonomic}
    uintx GCDrainStackTargetSize                   = 64                                        {product} {ergonomic}
   size_t InitialHeapSize                          = 333447168                                 {product} {ergonomic}
   size_t MarkStackSize                            = 4194304                                   {product} {ergonomic}
   size_t MaxHeapSize                              = 2147483648                                {product} {command line}
   size_t MaxNewSize                               = 1287651328                                {product} {ergonomic}
   size_t MinHeapDeltaBytes                        = 1048576                                   {product} {ergonomic}
   size_t MinHeapSize                              = 8388608                                   {product} {ergonomic}
    uintx NonNMethodCodeHeapSize                   = 7602480                                {pd product} {ergonomic}
    uintx NonProfiledCodeHeapSize                  = 122027880                              {pd product} {ergonomic}
    uintx ProfiledCodeHeapSize                     = 122027880                              {pd product} {ergonomic}
    uintx ReservedCodeCacheSize                    = 251658240                              {pd product} {ergonomic}
     bool SegmentedCodeCache                       = true                                      {product} {ergonomic}
   size_t SoftMaxHeapSize                          = 2147483648                             {manageable} {ergonomic}
     bool UseCompressedClassPointers               = true                           {product lp64_product} {ergonomic}
     bool UseCompressedOops                        = true                           {product lp64_product} {ergonomic}
     bool UseG1GC                                  = true                                      {product} {ergonomic}
     bool UseLargePagesIndividualAllocation        = false                                  {pd product} {ergonomic}

Logging:
Log output configuration:
 #0: stdout all=warning uptime,level,tags
 #1: stderr all=off uptime,level,tags

Environment Variables:
JAVA_HOME=C:\Program Files\Eclipse Adoptium\jdk-21.0.4.7-hotspot
PATH=C:\Windows\system32;C:\Windows;C:\Windows\System32\Wbem;C:\Windows\System32\WindowsPowerShell\v1.0\;C:\Windows\System32\OpenSSH\;C:\Program Files (x86)\NVIDIA Corporation\PhysX\Common;C:\Program Files\NVIDIA Corporation\NVIDIA NvDLISR;C:\Program Files\Git\cmd;C:\Program Files\dotnet\;C:\Program Files\Graphviz\bin;%JAVA_HOME%\bin;C:\Users\rtmori\AppData\Local\Microsoft\WindowsApps;C:\Users\rtmori\AppData\Local\Programs\Microsoft VS Code\bin;C:\Users\rtmori\AppData\Local\GitHubDesktop\bin;C:\Users\rtmori\AppData\Local\Muse Hub\lib
USERNAME=rtmori
OS=Windows_NT
PROCESSOR_IDENTIFIER=Intel64 Family 6 Model 183 Stepping 1, GenuineIntel
TMP=C:\Users\rtmori\AppData\Local\Temp
TEMP=C:\Users\rtmori\AppData\Local\Temp



Periodic native trim disabled

JNI global refs:
JNI global refs: 38, weak refs: 70

JNI global refs memory usage: 843, weak refs: 1473

Process memory usage:
Resident Set Size: 796568K (3% of 20742008K total physical memory with 757948K free physical memory)

OOME stack traces (most recent first):
Classloader memory used:
Loader org.gradle.internal.classloader.VisitableURLClassLoader$InstrumentingVisitableURLClassLoader: 7769K
Loader org.gradle.internal.classloader.VisitableURLClassLoader                         : 5462K
Loader bootstrap                                                                       : 4143K
Loader org.gradle.initialization.MixInLegacyTypesClassLoader                           : 1688K
Loader jdk.internal.loader.ClassLoaders$AppClassLoader                                 : 1157K
Loader jdk.internal.reflect.DelegatingClassLoader                                      : 171K
Loader jdk.internal.loader.ClassLoaders$PlatformClassLoader                            : 128K
Loader org.gradle.internal.classloader.VisitableURLClassLoader                         : 35826B
Loader sun.reflect.misc.MethodUtil                                                     : 373B

Classes loaded by more than one classloader:
Class Program                                                                         : loaded 5 times (x 70B)
Class Build_gradle$1                                                                  : loaded 3 times (x 72B)
Class Build_gradle                                                                    : loaded 3 times (x 128B)
Class com.google.common.collect.Iterators$MergingIterator                             : loaded 2 times (x 79B)
Class org.apache.commons.io.function.IOFunction                                       : loaded 2 times (x 68B)
Class com.google.common.io.Closer$SuppressingSuppressor                               : loaded 2 times (x 73B)
Class net.rubygrapefruit.platform.internal.FunctionResult$Failure                     : loaded 2 times (x 77B)
Class org.apache.commons.io.filefilter.ConditionalFileFilter                          : loaded 2 times (x 68B)
Class org.objectweb.asm.ModuleVisitor                                                 : loaded 2 times (x 79B)
Class com.google.common.collect.Maps$IteratorBasedAbstractMap$1                       : loaded 2 times (x 136B)
Class com.google.common.io.ByteSource                                                 : loaded 2 times (x 82B)
Class [Lcom.google.common.collect.AbstractMapEntry;                                   : loaded 2 times (x 67B)
Class com.google.common.collect.ImmutableRangeSet$AsSet                               : loaded 2 times (x 233B)
Class com.google.common.collect.SingletonImmutableList                                : loaded 2 times (x 167B)
Class com.google.common.cache.CacheLoader$SupplierToCacheLoader                       : loaded 2 times (x 73B)
Class org.gradle.internal.classpath.ClassPath                                         : loaded 2 times (x 68B)
Class com.google.common.io.FileWriteMode                                              : loaded 2 times (x 77B)
Class com.google.common.cache.RemovalListener                                         : loaded 2 times (x 68B)
Class org.gradle.api.internal.classpath.DefaultModuleRegistry                         : loaded 2 times (x 84B)
Class com.google.common.collect.FluentIterable$1                                      : loaded 2 times (x 79B)
Class com.google.common.collect.FluentIterable$2                                      : loaded 2 times (x 79B)
Class com.google.common.collect.FluentIterable$3                                      : loaded 2 times (x 79B)
Class org.apache.commons.io.filefilter.AndFileFilter                                  : loaded 2 times (x 125B)
Class Settings_gradle$1$1                                                             : loaded 2 times (x 72B)
Class com.google.common.collect.ImmutableEnumSet                                      : loaded 2 times (x 144B)
Class [Lcom.google.common.collect.MapMaker$Dummy;                                     : loaded 2 times (x 67B)
Class com.google.common.collect.ListMultimap                                          : loaded 2 times (x 68B)
Class com.google.common.base.CharMatcher$JavaDigit                                    : loaded 2 times (x 109B)
Class com.google.common.base.CharMatcher$Digit                                        : loaded 2 times (x 110B)
Class com.google.common.collect.AbstractMultimap                                      : loaded 2 times (x 121B)
Class com.google.common.io.ByteSource$ConcatenatedByteSource                          : loaded 2 times (x 83B)
Class com.google.common.cache.CacheBuilder$OneWeigher                                 : loaded 2 times (x 80B)
Class org.gradle.api.Action                                                           : loaded 2 times (x 68B)
Class com.google.common.io.ByteSource$SlicedByteSource                                : loaded 2 times (x 83B)
Class com.google.common.io.ByteArrayDataOutput                                        : loaded 2 times (x 68B)
Class com.google.common.collect.ImmutableEntry                                        : loaded 2 times (x 80B)
Class com.google.common.collect.Lists$StringAsImmutableList                           : loaded 2 times (x 167B)
Class com.google.common.collect.ImmutableMap$SerializedForm                           : loaded 2 times (x 71B)
Class com.google.common.cache.LocalCache$StrongEntry                                  : loaded 2 times (x 106B)
Class com.google.common.collect.MapMakerInternalMap$InternalEntryHelper               : loaded 2 times (x 68B)
Class org.objectweb.asm.FieldWriter                                                   : loaded 2 times (x 76B)
Class com.google.common.base.CharMatcher                                              : loaded 2 times (x 109B)
Class com.google.common.base.CharMatcher$IsNot                                        : loaded 2 times (x 109B)
Class com.google.common.collect.RegularImmutableSortedSet                             : loaded 2 times (x 233B)
Class com.google.common.collect.Maps$IteratorBasedAbstractMap                         : loaded 2 times (x 123B)
Class net.rubygrapefruit.platform.internal.FunctionResult                             : loaded 2 times (x 75B)
Class com.google.common.collect.SetMultimap                                           : loaded 2 times (x 68B)
Class com.google.common.base.Splitter                                                 : loaded 2 times (x 70B)
Class [Lcom.google.common.cache.Weigher;                                              : loaded 2 times (x 67B)
Class com.google.common.collect.Iterators$ArrayItr                                    : loaded 2 times (x 95B)
Class com.google.common.collect.MapMakerInternalMap$Strength                          : loaded 2 times (x 78B)
Class com.google.common.cache.LocalCache$Segment                                      : loaded 2 times (x 152B)
Class org.gradle.api.internal.DefaultClassPathProvider                                : loaded 2 times (x 74B)
Class org.gradle.internal.installation.GradleInstallation$1                           : loaded 2 times (x 73B)
Class com.google.common.cache.LocalCache$AbstractReferenceEntry                       : loaded 2 times (x 105B)
Class org.objectweb.asm.Type                                                          : loaded 2 times (x 70B)
Class com.google.common.util.concurrent.AbstractFuture$Failure                        : loaded 2 times (x 70B)
Class com.google.common.base.CharMatcher$BitSetMatcher                                : loaded 2 times (x 110B)
Class com.google.common.collect.ImmutableMap$IteratorBasedImmutableMap                : loaded 2 times (x 123B)
Class com.google.common.reflect.Reflection                                            : loaded 2 times (x 69B)
Class com.google.common.io.Files$FileByteSource                                       : loaded 2 times (x 83B)
Class com.google.common.collect.ImmutableMap                                          : loaded 2 times (x 118B)
Class com.google.common.base.Converter                                                : loaded 2 times (x 88B)
Class com.google.common.collect.ImmutableSortedSetFauxverideShim                      : loaded 2 times (x 145B)
Class com.google.common.collect.ImmutableSet$EmptySetBuilderImpl                      : loaded 2 times (x 74B)
Class com.google.common.base.Equivalence                                              : loaded 2 times (x 80B)
Class com.google.common.primitives.Ints                                               : loaded 2 times (x 69B)
Class com.google.common.cache.LocalCache$EntryFactory$1                               : loaded 2 times (x 81B)
Class com.google.common.cache.LocalCache$EntryFactory$2                               : loaded 2 times (x 81B)
Class com.google.common.cache.LocalCache$EntryFactory$3                               : loaded 2 times (x 81B)
Class [Lcom.google.common.collect.Maps$EntryFunction;                                 : loaded 2 times (x 67B)
Class com.google.common.cache.LocalCache$EntryFactory$4                               : loaded 2 times (x 81B)
Class com.google.common.cache.LocalCache$EntryFactory$5                               : loaded 2 times (x 81B)
Class com.google.common.cache.LocalCache$EntryFactory$6                               : loaded 2 times (x 81B)
Class com.google.common.reflect.TypeResolver$TypeVariableKey                          : loaded 2 times (x 70B)
Class com.google.common.cache.LocalCache$EntryFactory$7                               : loaded 2 times (x 81B)
Class com.google.common.cache.LocalCache$EntryFactory$8                               : loaded 2 times (x 81B)
Class com.google.common.base.Predicate                                                : loaded 2 times (x 68B)
Class com.google.common.cache.LocalCache$StrongValueReference                         : loaded 2 times (x 88B)
Class org.gradle.internal.classloader.FilteringClassLoader                            : loaded 2 times (x 103B)
Class com.google.common.collect.AbstractMapBasedMultimap$WrappedCollection            : loaded 2 times (x 122B)
Class com.google.common.reflect.TypeResolver$TypeTable                                : loaded 2 times (x 71B)
Class com.google.common.reflect.Invokable$MethodInvokable                             : loaded 2 times (x 103B)
Class com.google.common.collect.RegularImmutableSet                                   : loaded 2 times (x 146B)
Class [Lcom.google.common.cache.LocalCache$Strength;                                  : loaded 2 times (x 67B)
Class org.gradle.internal.classpath.DefaultClassPath$ImmutableUniqueList$Builder      : loaded 2 times (x 73B)
Class com.google.common.collect.AbstractRangeSet                                      : loaded 2 times (x 112B)
Class com.google.common.collect.Maps$8                                                : loaded 2 times (x 80B)
Class [Lcom.google.common.cache.CacheBuilder$NullListener;                            : loaded 2 times (x 67B)
Class com.google.common.base.PatternCompiler                                          : loaded 2 times (x 68B)
Class com.google.common.base.CharMatcher$InRange                                      : loaded 2 times (x 109B)
Class com.google.common.collect.Maps$KeySet                                           : loaded 2 times (x 135B)
Class com.google.common.collect.Sets$SetView                                          : loaded 2 times (x 136B)
Class com.google.common.collect.BiMap                                                 : loaded 2 times (x 68B)
Class com.google.common.collect.Lists                                                 : loaded 2 times (x 69B)
Class org.objectweb.asm.AnnotationWriter                                              : loaded 2 times (x 77B)
Class org.apache.commons.io.output.ThresholdingOutputStream                           : loaded 2 times (x 92B)
Class com.google.common.math.IntMath$1                                                : loaded 2 times (x 69B)
Class org.gradle.internal.classloader.ClassLoaderVisitor                              : loaded 2 times (x 74B)
Class [Lcom.google.common.collect.HashBiMap$BiEntry;                                  : loaded 2 times (x 67B)
Class org.objectweb.asm.Label                                                         : loaded 2 times (x 71B)
Class com.google.common.cache.CacheBuilder$NullListener                               : loaded 2 times (x 80B)
Class com.google.common.collect.ImmutableMultimap                                     : loaded 2 times (x 145B)
Class org.apache.commons.io.filefilter.IOFileFilter                                   : loaded 2 times (x 68B)
Class com.google.common.math.MathPreconditions                                        : loaded 2 times (x 69B)
Class com.google.common.io.ByteStreams$1                                              : loaded 2 times (x 83B)
Class org.gradle.internal.service.DefaultServiceLocator                               : loaded 2 times (x 81B)
Class org.gradle.internal.service.UnknownServiceException                             : loaded 2 times (x 81B)
Class com.google.common.util.concurrent.AbstractFuture$SynchronizedHelper             : loaded 2 times (x 76B)
Class com.google.common.collect.ArrayListMultimap                                     : loaded 2 times (x 170B)
Class com.google.common.collect.Collections2$FilteredCollection                       : loaded 2 times (x 117B)
Class com.google.common.base.Strings                                                  : loaded 2 times (x 69B)
Class com.google.common.io.Closer                                                     : loaded 2 times (x 76B)
Class com.google.common.cache.LocalCache$Values                                       : loaded 2 times (x 116B)
Class com.google.common.cache.CacheLoader$InvalidCacheLoadException                   : loaded 2 times (x 80B)
Class org.gradle.internal.classloader.DefaultClassLoaderFactory                       : loaded 2 times (x 80B)
Class com.google.common.collect.UnmodifiableIterator                                  : loaded 2 times (x 78B)
Class com.google.common.base.Stopwatch                                                : loaded 2 times (x 70B)
Class com.google.common.reflect.Types                                                 : loaded 2 times (x 69B)
Class com.google.common.base.Platform$JdkPatternCompiler                              : loaded 2 times (x 73B)
Class net.rubygrapefruit.platform.ProcessLauncher                                     : loaded 2 times (x 68B)
Class com.google.common.collect.Interners$InternerImpl                                : loaded 2 times (x 73B)
Class com.google.common.cache.LocalCache$LoadingValueReference                        : loaded 2 times (x 94B)
Class org.apache.commons.io.output.ByteArrayOutputStream                              : loaded 2 times (x 100B)
Class com.google.common.base.CharMatcher$SingleWidth                                  : loaded 2 times (x 110B)
Class com.google.common.collect.Hashing                                               : loaded 2 times (x 69B)
Class com.google.common.io.ByteStreams$LimitedInputStream                             : loaded 2 times (x 90B)
Class com.google.common.collect.MapMakerInternalMap$AbstractStrongKeyEntry            : loaded 2 times (x 78B)
Class com.google.common.collect.ImmutableRangeSet$ComplementRanges                    : loaded 2 times (x 167B)
Class [Lcom.google.common.reflect.Types$ClassOwnership;                               : loaded 2 times (x 67B)
Class com.google.common.base.JdkPattern                                               : loaded 2 times (x 73B)
Class com.google.common.base.Optional                                                 : loaded 2 times (x 78B)
Class com.google.common.collect.Multimap                                              : loaded 2 times (x 68B)
Class [Lcom.google.common.cache.RemovalCause;                                         : loaded 2 times (x 67B)
Class com.google.common.base.FunctionalEquivalence                                    : loaded 2 times (x 81B)
Class org.objectweb.asm.AnnotationVisitor                                             : loaded 2 times (x 76B)
Class org.objectweb.asm.RecordComponentWriter                                         : loaded 2 times (x 76B)
Class com.google.common.cache.LocalCache$1                                            : loaded 2 times (x 87B)
Class com.google.common.cache.LocalCache$2                                            : loaded 2 times (x 140B)
Class com.google.common.collect.RegularImmutableBiMap                                 : loaded 2 times (x 146B)
Class org.gradle.internal.classloader.VisitableURLClassLoader$Spec                    : loaded 2 times (x 72B)
Class org.gradle.api.GradleException                                                  : loaded 2 times (x 80B)
Class com.google.common.base.CharMatcher$JavaLetterOrDigit                            : loaded 2 times (x 109B)
Class org.gradle.api.internal.classpath.ModuleRegistry                                : loaded 2 times (x 68B)
Class com.google.common.collect.ForwardingObject                                      : loaded 2 times (x 70B)
Class com.google.common.reflect.TypeToken$1                                           : loaded 2 times (x 106B)
Class com.google.common.cache.CacheBuilder                                            : loaded 2 times (x 70B)
Class com.google.common.reflect.TypeToken$2                                           : loaded 2 times (x 106B)
Class org.objectweb.asm.ByteVector                                                    : loaded 2 times (x 77B)
Class com.google.common.collect.ImmutableCollection                                   : loaded 2 times (x 123B)
Class com.google.common.collect.ImmutableRangeSet                                     : loaded 2 times (x 113B)
Class com.google.common.base.PairwiseEquivalence                                      : loaded 2 times (x 81B)
Class com.google.common.base.Ticker                                                   : loaded 2 times (x 70B)
Class org.gradle.api.internal.ClassPathProvider                                       : loaded 2 times (x 68B)
Class com.google.common.base.Ascii                                                    : loaded 2 times (x 69B)
Class com.google.common.collect.RegularImmutableMap$Values                            : loaded 2 times (x 167B)
Class org.objectweb.asm.ModuleWriter                                                  : loaded 2 times (x 80B)
Class org.gradle.internal.classloader.ClasspathUtil$1                                 : loaded 2 times (x 74B)
Class [Lcom.google.common.collect.MapMakerInternalMap$Segment;                        : loaded 2 times (x 67B)
Class com.google.common.collect.ImmutableEnumMap                                      : loaded 2 times (x 123B)
Class com.google.common.collect.ImmutableList$ReverseImmutableList                    : loaded 2 times (x 168B)
Class net.rubygrapefruit.platform.internal.Platform$Posix                             : loaded 2 times (x 79B)
Class com.google.common.cache.AbstractCache$StatsCounter                              : loaded 2 times (x 68B)
Class com.google.common.collect.Maps$EntryFunction$1                                  : loaded 2 times (x 89B)
Class com.google.common.collect.Maps$EntryFunction$2                                  : loaded 2 times (x 89B)
Class org.objectweb.asm.FieldVisitor                                                  : loaded 2 times (x 75B)
Class org.objectweb.asm.Symbol                                                        : loaded 2 times (x 71B)
Class com.google.common.reflect.TypeToken                                             : loaded 2 times (x 71B)
Class com.google.common.cache.LocalCache$Strength$1                                   : loaded 2 times (x 79B)
Class com.google.common.cache.LocalCache$Strength$2                                   : loaded 2 times (x 79B)
Class com.google.common.cache.LocalCache$Strength$3                                   : loaded 2 times (x 79B)
Class org.gradle.internal.classloader.ClassLoaderFactory                              : loaded 2 times (x 68B)
Class com.google.common.collect.ObjectArrays                                          : loaded 2 times (x 69B)
Class com.google.common.base.Absent                                                   : loaded 2 times (x 78B)
Class com.google.common.util.concurrent.AbstractFuture$Waiter                         : loaded 2 times (x 70B)
Class com.google.common.util.concurrent.Uninterruptibles                              : loaded 2 times (x 69B)
Class com.google.common.collect.Iterators$10                                          : loaded 2 times (x 79B)
Class com.google.common.collect.Iterators$EmptyModifiableIterator                     : loaded 2 times (x 84B)
Class com.google.common.collect.ImmutableList                                         : loaded 2 times (x 166B)
Class org.gradle.api.internal.classpath.ManifestUtil                                  : loaded 2 times (x 69B)
Class org.gradle.api.specs.Spec                                                       : loaded 2 times (x 68B)
Class com.google.common.collect.RangeSet                                              : loaded 2 times (x 68B)
Class com.google.common.cache.CacheLoader$UnsupportedLoadingOperationException        : loaded 2 times (x 80B)
Class com.google.common.base.CharMatcher$Whitespace                                   : loaded 2 times (x 110B)
Class com.google.common.util.concurrent.ListenableFuture                              : loaded 2 times (x 68B)
Class com.google.common.collect.MapMaker$Dummy                                        : loaded 2 times (x 77B)
Class com.google.common.collect.Iterators$1                                           : loaded 2 times (x 79B)
Class com.google.common.collect.BaseImmutableMultimap                                 : loaded 2 times (x 121B)
Class com.google.common.collect.Iterators$4                                           : loaded 2 times (x 80B)
Class com.google.common.collect.RegularImmutableMap$BucketOverflowException           : loaded 2 times (x 80B)
Class com.google.common.collect.Iterators$5                                           : loaded 2 times (x 80B)
Class com.google.common.collect.Iterators$6                                           : loaded 2 times (x 79B)
Class com.google.common.util.concurrent.AbstractFuture$UnsafeAtomicHelper             : loaded 2 times (x 76B)
Class com.google.common.base.Joiner                                                   : loaded 2 times (x 77B)
Class com.google.common.base.Equivalence$Equals                                       : loaded 2 times (x 80B)
Class com.google.common.base.Preconditions                                            : loaded 2 times (x 69B)
Class com.google.common.base.Function                                                 : loaded 2 times (x 68B)
Class com.google.common.collect.Iterators$9                                           : loaded 2 times (x 79B)
Class [Lnet.rubygrapefruit.platform.internal.FunctionResult$Failure;                  : loaded 2 times (x 67B)
Class net.rubygrapefruit.platform.internal.Platform$Windows                           : loaded 2 times (x 77B)
Class org.gradle.internal.IoActions                                                   : loaded 2 times (x 69B)
Class com.google.common.collect.MapMakerInternalMap$StrongKeyDummyValueEntry$Helper   : loaded 2 times (x 77B)
Class com.google.common.cache.ReferenceEntry                                          : loaded 2 times (x 68B)
Class com.google.common.collect.RegularImmutableMap$KeySet                            : loaded 2 times (x 148B)
Class com.google.common.collect.CollectPreconditions                                  : loaded 2 times (x 69B)
Class [Lcom.google.common.base.Function;                                              : loaded 2 times (x 67B)
Class com.google.common.primitives.IntsMethodsForWeb                                  : loaded 2 times (x 69B)
Class com.google.common.collect.RangeGwtSerializationDependencies                     : loaded 2 times (x 69B)
Class com.google.common.collect.Maps                                                  : loaded 2 times (x 69B)
Class com.google.common.collect.RegularImmutableMap                                   : loaded 2 times (x 119B)
Class com.google.common.collect.AbstractIndexedListIterator                           : loaded 2 times (x 94B)
Class net.rubygrapefruit.platform.internal.NativeLibraryLocator                       : loaded 2 times (x 71B)
Class com.google.common.base.CharMatcher$None                                         : loaded 2 times (x 110B)
Class [Lorg.apache.commons.io.StandardLineSeparator;                                  : loaded 2 times (x 67B)
Class org.gradle.api.internal.classpath.EffectiveClassPath                            : loaded 2 times (x 88B)
Class org.apache.commons.io.StandardLineSeparator                                     : loaded 2 times (x 77B)
Class org.apache.commons.io.output.AppendableWriter                                   : loaded 2 times (x 98B)
Class com.google.common.collect.UnmodifiableListIterator                              : loaded 2 times (x 93B)
Class com.google.common.io.Files                                                      : loaded 2 times (x 69B)
Class com.google.common.cache.CacheLoader$FunctionToCacheLoader                       : loaded 2 times (x 73B)
Class com.google.common.cache.CacheBuilder$1                                          : loaded 2 times (x 83B)
Class com.google.common.cache.CacheBuilder$2                                          : loaded 2 times (x 70B)
Class com.google.common.collect.ImmutableList$1                                       : loaded 2 times (x 95B)
Class com.google.common.base.Splitter$Strategy                                        : loaded 2 times (x 68B)
Class com.google.common.collect.ImmutableMapEntrySet$RegularEntrySet                  : loaded 2 times (x 149B)
Class com.google.common.base.Predicates$CompositionPredicate                          : loaded 2 times (x 86B)
Class [Lcom.google.common.cache.RemovalListener;                                      : loaded 2 times (x 67B)
Class [Lcom.google.common.collect.ImmutableMapEntry;                                  : loaded 2 times (x 67B)
Class net.rubygrapefruit.platform.internal.Platform$Unsupported                       : loaded 2 times (x 77B)
Class com.google.common.collect.Interners                                             : loaded 2 times (x 69B)
Class com.google.common.collect.MapMakerInternalMap$Strength$1                        : loaded 2 times (x 78B)
Class org.gradle.internal.installation.CurrentGradleInstallation                      : loaded 2 times (x 71B)
Class com.google.common.collect.MapMakerInternalMap$Strength$2                        : loaded 2 times (x 78B)
Class org.gradle.internal.agents.InstrumentingClassLoader                             : loaded 2 times (x 68B)
Class org.gradle.internal.installation.CurrentGradleInstallationLocator               : loaded 2 times (x 69B)
Class [Lcom.google.common.cache.LocalCache$Segment;                                   : loaded 2 times (x 67B)
Class org.gradle.api.internal.classpath.Module                                        : loaded 2 times (x 68B)
Class com.google.common.io.ByteSource$ByteArrayByteSource                             : loaded 2 times (x 83B)
Class com.google.common.collect.ImmutableSortedSet                                    : loaded 2 times (x 233B)
Class com.google.common.base.Splitter$1$1                                             : loaded 2 times (x 84B)
Class net.rubygrapefruit.platform.internal.NativeLibraryLoader                        : loaded 2 times (x 71B)
Class com.google.common.collect.MapMakerInternalMap$Segment                           : loaded 2 times (x 140B)
Class com.google.common.collect.ImmutableSet$JdkBackedSetBuilderImpl                  : loaded 2 times (x 74B)
Class com.google.common.reflect.Types$TypeVariableInvocationHandler                   : loaded 2 times (x 73B)
Class com.google.common.reflect.Types$ClassOwnership                                  : loaded 2 times (x 78B)
Class com.google.common.collect.ImmutableSet$RegularSetBuilderImpl                    : loaded 2 times (x 75B)
Class [Lorg.objectweb.asm.AnnotationWriter;                                           : loaded 2 times (x 67B)
Class org.gradle.internal.service.CachingServiceLocator                               : loaded 2 times (x 80B)
Class [Lcom.google.common.collect.ImmutableEntry;                                     : loaded 2 times (x 67B)
Class net.rubygrapefruit.platform.internal.Platform$Linux64Bit                        : loaded 2 times (x 81B)
Class com.google.common.collect.Sets$ImprovedAbstractSet                              : loaded 2 times (x 133B)
Class org.gradle.internal.classpath.DefaultClassPath                                  : loaded 2 times (x 88B)
Class com.google.common.collect.MapMakerInternalMap$1                                 : loaded 2 times (x 81B)
Class com.google.common.util.concurrent.AbstractFuture$SetFuture                      : loaded 2 times (x 73B)
Class com.google.common.collect.CollectCollectors                                     : loaded 2 times (x 69B)
Class com.google.common.collect.TransformedIterator                                   : loaded 2 times (x 78B)
Class com.google.common.base.Splitter$SplittingIterator                               : loaded 2 times (x 82B)
Class com.google.common.reflect.TypeParameter                                         : loaded 2 times (x 70B)
Class com.google.common.cache.LocalCache$LocalManualCache$1                           : loaded 2 times (x 73B)
Class org.gradle.internal.installation.GradleInstallation                             : loaded 2 times (x 73B)
Class com.google.common.reflect.Types$ClassOwnership$1LocalClass                      : loaded 2 times (x 69B)
Class com.google.common.collect.Lists$RandomAccessReverseList                         : loaded 2 times (x 160B)
Class [Lcom.google.common.collect.AbstractIterator$State;                             : loaded 2 times (x 67B)
Class org.objectweb.asm.SymbolTable$Entry                                             : loaded 2 times (x 72B)
Class [Lcom.google.common.cache.LocalCache$EntryFactory;                              : loaded 2 times (x 67B)
Class net.rubygrapefruit.platform.internal.jni.NativeLibraryFunctions                 : loaded 2 times (x 69B)
Class com.google.common.base.CharMatcher$Is                                           : loaded 2 times (x 109B)
Class com.google.common.collect.Maps$AbstractFilteredMap                              : loaded 2 times (x 125B)
Class com.google.common.base.Platform                                                 : loaded 2 times (x 69B)
Class com.google.common.collect.RegularImmutableAsList                                : loaded 2 times (x 176B)
Class com.google.common.base.Suppliers$NonSerializableMemoizingSupplier               : loaded 2 times (x 77B)
Class com.google.common.collect.PeekingIterator                                       : loaded 2 times (x 68B)
Class com.google.common.collect.ImmutableSetMultimap                                  : loaded 2 times (x 178B)
Class com.google.common.reflect.TypeResolver$TypeTable$1                              : loaded 2 times (x 71B)
Class com.google.common.collect.ImmutableMapEntrySet                                  : loaded 2 times (x 149B)
Class com.google.common.cache.CacheLoader                                             : loaded 2 times (x 72B)
Class com.google.common.collect.ImmutableBiMapFauxverideShim                          : loaded 2 times (x 118B)
Class org.objectweb.asm.MethodTooLargeException                                       : loaded 2 times (x 81B)
Class com.google.common.collect.HashBiMap$Inverse                                     : loaded 2 times (x 140B)
Class com.google.common.cache.Cache                                                   : loaded 2 times (x 68B)
Class com.google.common.collect.Maps$EntrySet                                         : loaded 2 times (x 134B)
Class org.gradle.internal.classloader.SystemClassLoaderSpec                           : loaded 2 times (x 69B)
Class com.google.common.util.concurrent.internal.InternalFutureFailureAccess          : loaded 2 times (x 70B)
Class net.rubygrapefruit.platform.internal.Platform$FreeBSD64Bit                      : loaded 2 times (x 80B)
Class com.google.common.base.Charsets                                                 : loaded 2 times (x 69B)
Class com.google.common.primitives.Ints$IntConverter                                  : loaded 2 times (x 88B)
Class com.google.common.collect.SingletonImmutableSet                                 : loaded 2 times (x 144B)
Class com.google.common.reflect.Types$TypeVariableImpl                                : loaded 2 times (x 70B)
Class com.google.common.collect.Interners$InternerBuilder                             : loaded 2 times (x 74B)
Class [Lcom.google.common.base.AbstractIterator$State;                                : loaded 2 times (x 67B)
Class com.google.common.collect.ImmutableMap$Builder                                  : loaded 2 times (x 80B)
Class net.rubygrapefruit.platform.internal.Platform$MacOs                             : loaded 2 times (x 80B)
Class com.google.common.base.AbstractIterator                                         : loaded 2 times (x 78B)
Class org.objectweb.asm.ClassWriter                                                   : loaded 2 times (x 104B)
Class com.google.common.collect.Range                                                 : loaded 2 times (x 85B)
Class org.apache.commons.io.IOUtils                                                   : loaded 2 times (x 69B)
Class com.google.common.base.AbstractIterator$1                                       : loaded 2 times (x 69B)
Class org.apache.commons.io.filefilter.AbstractFileFilter                             : loaded 2 times (x 114B)
Class [Lcom.google.common.cache.CacheBuilder$OneWeigher;                              : loaded 2 times (x 67B)
Class net.rubygrapefruit.platform.NativeIntegrationLinkageException                   : loaded 2 times (x 80B)
Class com.google.common.collect.Iterators                                             : loaded 2 times (x 69B)
Class com.google.common.base.CharMatcher$1                                            : loaded 2 times (x 111B)
Class com.google.common.base.CharMatcher$Ascii                                        : loaded 2 times (x 110B)
Class com.google.common.cache.LocalCache$ComputingValueReference                      : loaded 2 times (x 94B)
Class com.google.common.cache.LocalCache$SoftValueReference                           : loaded 2 times (x 95B)
Class com.google.common.collect.ImmutableList$SerializedForm                          : loaded 2 times (x 71B)
Class org.gradle.api.UncheckedIOException                                             : loaded 2 times (x 80B)
Class com.google.common.base.CharMatcher$And                                          : loaded 2 times (x 110B)
Class [Lcom.google.common.io.FileWriteMode;                                           : loaded 2 times (x 67B)
Class com.google.common.io.Files$FileByteSink                                         : loaded 2 times (x 75B)
Class com.google.common.collect.IndexedImmutableSet                                   : loaded 2 times (x 148B)
Class com.google.common.base.ExtraObjectsMethodsForWeb                                : loaded 2 times (x 69B)
Class com.google.common.collect.IndexedImmutableSet$1                                 : loaded 2 times (x 172B)
Class com.google.common.collect.AbstractListMultimap                                  : loaded 2 times (x 170B)
Class com.google.common.base.CharMatcher$Any                                          : loaded 2 times (x 110B)
Class org.apache.commons.io.file.PathVisitor                                          : loaded 2 times (x 68B)
Class com.google.common.io.ByteSource$AsCharSource                                    : loaded 2 times (x 84B)
Class org.apache.commons.io.output.UnsynchronizedByteArrayOutputStream                : loaded 2 times (x 100B)
Class com.google.common.cache.LocalCache$Strength                                     : loaded 2 times (x 79B)
Class com.google.common.collect.AbstractMapBasedMultimap$KeySet                       : loaded 2 times (x 135B)
Class com.google.common.collect.SortedIterable                                        : loaded 2 times (x 68B)
Class com.google.common.collect.ArrayListMultimapGwtSerializationDependencies         : loaded 2 times (x 170B)
Class com.google.common.base.CharMatcher$RangesMatcher                                : loaded 2 times (x 110B)
Class com.google.common.collect.AbstractMapBasedMultimap$RandomAccessWrappedList      : loaded 2 times (x 165B)
Class org.objectweb.asm.Handler                                                       : loaded 2 times (x 70B)
Class net.rubygrapefruit.platform.internal.Platform$Linux32Bit                        : loaded 2 times (x 81B)
Class com.google.common.collect.ImmutableList$SubList                                 : loaded 2 times (x 168B)
Class net.rubygrapefruit.platform.internal.Platform$MacOs64Bit                        : loaded 2 times (x 80B)
Class com.google.common.cache.LocalCache$ValueReference                               : loaded 2 times (x 68B)
Class org.gradle.internal.classloader.ClasspathUtil                                   : loaded 2 times (x 69B)
Class org.apache.commons.io.FileUtils                                                 : loaded 2 times (x 69B)
Class org.objectweb.asm.CurrentFrame                                                  : loaded 2 times (x 71B)
Class com.google.common.util.concurrent.AbstractFuture                                : loaded 2 times (x 93B)
Class com.google.common.reflect.TypeResolver                                          : loaded 2 times (x 70B)
Class com.google.common.base.Splitter$1                                               : loaded 2 times (x 75B)
Class com.google.common.collect.TransformedListIterator                               : loaded 2 times (x 91B)
Class com.google.common.cache.LocalCache$ValueIterator                                : loaded 2 times (x 84B)
Class com.google.common.base.Ticker$1                                                 : loaded 2 times (x 70B)
Class com.google.common.collect.Maps$BiMapConverter                                   : loaded 2 times (x 88B)
Class org.gradle.api.internal.DefaultClassPathRegistry                                : loaded 2 times (x 74B)
Class com.google.common.collect.AbstractIterator$State                                : loaded 2 times (x 77B)
Class com.google.common.util.concurrent.AbstractFuture$Cancellation                   : loaded 2 times (x 70B)
Class [Lorg.objectweb.asm.Symbol;                                                     : loaded 2 times (x 67B)
Class com.google.common.base.Predicates                                               : loaded 2 times (x 69B)
Class com.google.common.collect.Interner                                              : loaded 2 times (x 68B)
Class com.google.common.collect.ImmutableSet$SetBuilderImpl                           : loaded 2 times (x 74B)
Class org.gradle.api.internal.classpath.DefaultModuleRegistry$DefaultModule           : loaded 2 times (x 84B)
Class net.rubygrapefruit.platform.internal.Platform                                   : loaded 2 times (x 77B)
Class com.google.common.base.CharMatcher$JavaIsoControl                               : loaded 2 times (x 110B)
Class com.google.common.collect.ImmutableMap$1                                        : loaded 2 times (x 79B)
Class com.google.common.base.CharMatcher$Or                                           : loaded 2 times (x 110B)
Class com.google.common.cache.RemovalCause$1                                          : loaded 2 times (x 78B)
Class com.google.common.cache.RemovalCause$2                                          : loaded 2 times (x 78B)
Class com.google.common.cache.RemovalCause$3                                          : loaded 2 times (x 78B)
Class org.gradle.kotlin.dsl.VersionCatalogAccessorsKt                                 : loaded 2 times (x 69B)
Class com.google.common.cache.RemovalCause$4                                          : loaded 2 times (x 78B)
Class com.google.common.cache.RemovalCause$5                                          : loaded 2 times (x 78B)
Class com.google.common.base.Suppliers$SupplierOfInstance                             : loaded 2 times (x 77B)
Class org.objectweb.asm.RecordComponentVisitor                                        : loaded 2 times (x 75B)
Class com.google.common.reflect.Types$ClassOwnership$1                                : loaded 2 times (x 78B)
Class com.google.common.reflect.Invokable                                             : loaded 2 times (x 99B)
Class com.google.common.reflect.Types$ClassOwnership$2                                : loaded 2 times (x 78B)
Class com.google.common.reflect.Types$ClassOwnership$3                                : loaded 2 times (x 69B)
Class com.google.common.cache.LocalCache$HashIterator                                 : loaded 2 times (x 84B)
Class com.google.common.collect.Iterables                                             : loaded 2 times (x 69B)
Class com.google.common.base.CharMatcher$JavaLowerCase                                : loaded 2 times (x 109B)
Class com.google.common.cache.LocalCache$WriteThroughEntry                            : loaded 2 times (x 77B)
Class org.objectweb.asm.ClassTooLargeException                                        : loaded 2 times (x 81B)
Class org.gradle.api.internal.classpath.UnknownModuleException                        : loaded 2 times (x 80B)
Class com.google.common.collect.FluentIterable                                        : loaded 2 times (x 79B)
Class com.google.common.util.concurrent.AbstractFuture$Listener                       : loaded 2 times (x 70B)
Class org.apache.commons.io.output.AbstractByteArrayOutputStream                      : loaded 2 times (x 100B)
Class com.google.common.collect.MapMakerInternalMap$StrongKeyDummyValueEntry$LinkedStrongKeyDummyValueEntry: loaded 2 times (x 80B)
Class com.google.common.collect.Iterables$4                                           : loaded 2 times (x 79B)
Class com.google.common.collect.Iterables$5                                           : loaded 2 times (x 79B)
Class org.objectweb.asm.Edge                                                          : loaded 2 times (x 70B)
Class com.google.common.collect.Maps$EntryTransformer                                 : loaded 2 times (x 68B)
Class com.google.common.collect.ImmutableCollection$Builder                           : loaded 2 times (x 74B)
Class com.google.common.io.ByteArrayDataInput                                         : loaded 2 times (x 68B)
Class net.rubygrapefruit.platform.internal.Platform$Window64Bit                       : loaded 2 times (x 77B)
Class org.apache.commons.io.FilenameUtils                                             : loaded 2 times (x 69B)
Class [Lorg.objectweb.asm.SymbolTable$Entry;                                          : loaded 2 times (x 67B)
Class com.google.common.reflect.Types$JavaVersion                                     : loaded 2 times (x 81B)
Class com.google.common.collect.SingletonImmutableBiMap                               : loaded 2 times (x 141B)
Class org.apache.commons.io.file.PathFilter                                           : loaded 2 times (x 68B)
Class com.google.common.base.CommonPattern                                            : loaded 2 times (x 72B)
Class com.google.common.base.Suppliers$MemoizingSupplier                              : loaded 2 times (x 77B)
Class com.google.common.base.Suppliers                                                : loaded 2 times (x 69B)
Class net.rubygrapefruit.platform.internal.Platform$FreeBSD32Bit                      : loaded 2 times (x 80B)
Class [Lorg.apache.commons.io.IOCase;                                                 : loaded 2 times (x 67B)
Class [Lcom.google.common.collect.Iterators$EmptyModifiableIterator;                  : loaded 2 times (x 67B)
Class org.objectweb.asm.ClassVisitor                                                  : loaded 2 times (x 86B)
Class com.google.common.collect.MapMakerInternalMap$StrongKeyDummyValueEntry          : loaded 2 times (x 80B)
Class com.google.common.cache.LoadingCache                                            : loaded 2 times (x 68B)
Class org.gradle.internal.service.ServiceLookupException                              : loaded 2 times (x 80B)
Class com.google.common.collect.MapMakerInternalMap$StrongKeyDummyValueSegment        : loaded 2 times (x 140B)
Class org.gradle.cache.GlobalCache                                                    : loaded 2 times (x 68B)
Class com.google.common.base.Present                                                  : loaded 2 times (x 79B)
Class com.google.common.base.CharMatcher$NegatedFastMatcher                           : loaded 2 times (x 111B)
Class [Lorg.gradle.api.internal.ClassPathProvider;                                    : loaded 2 times (x 67B)
Class com.google.common.util.concurrent.AbstractFuture$SafeAtomicHelper               : loaded 2 times (x 77B)
Class net.rubygrapefruit.platform.internal.Platform$FreeBSD                           : loaded 2 times (x 80B)
Class org.gradle.util.internal.GUtil                                                  : loaded 2 times (x 69B)
Class net.rubygrapefruit.platform.internal.Platform$Unix                              : loaded 2 times (x 80B)
Class com.google.common.math.IntMath                                                  : loaded 2 times (x 69B)
Class [Lcom.google.common.reflect.Types$JavaVersion;                                  : loaded 2 times (x 67B)
Class net.rubygrapefruit.platform.Process                                             : loaded 2 times (x 68B)
Class com.google.common.collect.AbstractIterator                                      : loaded 2 times (x 80B)
Class org.gradle.internal.classloader.ClassLoaderSpec                                 : loaded 2 times (x 69B)
Class com.google.common.io.LineProcessor                                              : loaded 2 times (x 68B)
Class com.google.common.base.NullnessCasts                                            : loaded 2 times (x 69B)
Class com.google.common.io.CharSink                                                   : loaded 2 times (x 77B)
Class org.objectweb.asm.Frame                                                         : loaded 2 times (x 71B)
Class com.google.common.cache.LocalCache$LocalManualCache                             : loaded 2 times (x 97B)
Class com.google.common.collect.AbstractMapEntry                                      : loaded 2 times (x 79B)
Class com.google.common.collect.ImmutableList$Builder                                 : loaded 2 times (x 75B)
Class com.google.common.base.CharMatcher$Negated                                      : loaded 2 times (x 111B)
Class net.rubygrapefruit.platform.NativeIntegrationUnavailableException               : loaded 2 times (x 80B)
Class com.google.common.cache.CacheLoader$1                                           : loaded 2 times (x 73B)
Class net.rubygrapefruit.platform.NativeIntegration                                   : loaded 2 times (x 68B)
Class [Lcom.google.common.collect.MapMakerInternalMap$Strength;                       : loaded 2 times (x 67B)
Class com.google.common.util.concurrent.AbstractFuture$TrustedFuture                  : loaded 2 times (x 95B)
Class com.google.common.cache.RemovalCause                                            : loaded 2 times (x 78B)
Class com.google.common.collect.MapMakerInternalMap$InternalEntry                     : loaded 2 times (x 68B)
Class org.apache.commons.io.FileExistsException                                       : loaded 2 times (x 80B)
Class com.google.common.collect.Maps$ViewCachingAbstractMap                           : loaded 2 times (x 123B)
Class com.google.common.collect.Sets                                                  : loaded 2 times (x 69B)
Class com.google.common.collect.ImmutableSet$Builder                                  : loaded 2 times (x 83B)
Class com.google.common.collect.Sets$FilteredSet                                      : loaded 2 times (x 135B)
Class com.google.common.collect.MapMakerInternalMap                                   : loaded 2 times (x 159B)
Class com.google.common.base.CharMatcher$ForPredicate                                 : loaded 2 times (x 110B)
Class com.google.common.collect.ImmutableMap$MapViewOfValuesAsSingletonSets           : loaded 2 times (x 123B)
Class net.rubygrapefruit.platform.internal.Platform$MacOs32Bit                        : loaded 2 times (x 80B)
Class com.google.common.collect.ImmutableMapKeySet                                    : loaded 2 times (x 148B)
Class org.apache.commons.io.output.StringBuilderWriter                                : loaded 2 times (x 98B)
Class com.google.common.base.MoreObjects                                              : loaded 2 times (x 69B)
Class com.google.common.collect.SortedMapDifference                                   : loaded 2 times (x 68B)
Class org.objectweb.asm.SymbolTable                                                   : loaded 2 times (x 70B)
Class [Lorg.objectweb.asm.AnnotationVisitor;                                          : loaded 2 times (x 67B)
Class com.google.common.cache.CacheStats                                              : loaded 2 times (x 69B)
Class org.objectweb.asm.Attribute                                                     : loaded 2 times (x 75B)
Class org.gradle.internal.classloader.VisitableURLClassLoader                         : loaded 2 times (x 115B)
Class com.google.common.cache.LocalCache$LocalLoadingCache                            : loaded 2 times (x 132B)
Class com.google.common.base.Supplier                                                 : loaded 2 times (x 68B)
Class com.google.common.collect.HashBiMap$BiEntry                                     : loaded 2 times (x 81B)
Class com.google.common.base.Objects                                                  : loaded 2 times (x 69B)
Class com.google.common.util.concurrent.AbstractFuture$AtomicHelper                   : loaded 2 times (x 76B)
Class com.google.common.collect.ImmutableBiMap                                        : loaded 2 times (x 141B)
Class org.gradle.internal.Cast                                                        : loaded 2 times (x 69B)
Class com.google.common.hash.PrimitiveSink                                            : loaded 2 times (x 68B)
Class com.google.common.collect.NullnessCasts                                         : loaded 2 times (x 69B)
Class com.google.common.reflect.TypeCapture                                           : loaded 2 times (x 69B)
Class org.gradle.api.internal.ClassPathRegistry                                       : loaded 2 times (x 68B)
Class com.google.common.cache.LocalCache$EntryFactory                                 : loaded 2 times (x 81B)
Class com.google.common.util.concurrent.UncheckedExecutionException                   : loaded 2 times (x 80B)
Class com.google.common.collect.ImmutableSet                                          : loaded 2 times (x 143B)
Class org.gradle.internal.classloader.VisitableURLClassLoader$InstrumentingVisitableURLClassLoader: loaded 2 times (x 121B)
Class org.gradle.internal.classloader.ClassLoaderHierarchy                            : loaded 2 times (x 68B)
Class com.google.common.collect.Lists$ReverseList                                     : loaded 2 times (x 160B)
Class com.google.common.io.Closer$Suppressor                                          : loaded 2 times (x 68B)
Class net.rubygrapefruit.platform.internal.LibraryDef                                 : loaded 2 times (x 70B)
Class com.google.common.collect.AbstractMapBasedMultimap$WrappedList                  : loaded 2 times (x 165B)
Class [Lorg.objectweb.asm.Type;                                                       : loaded 2 times (x 67B)
Class com.google.common.collect.MapMakerInternalMap$WeakValueReference                : loaded 2 times (x 68B)
Class com.google.common.collect.Lists$ReverseList$1                                   : loaded 2 times (x 97B)
Class com.google.common.base.AbstractIterator$State                                   : loaded 2 times (x 77B)
Class com.google.common.cache.Weigher                                                 : loaded 2 times (x 68B)
Class com.google.common.collect.MapMakerInternalMap$StrongValueEntry                  : loaded 2 times (x 68B)
Class com.google.common.base.CharMatcher$NamedFastMatcher                             : loaded 2 times (x 110B)
Class org.gradle.internal.InternalTransformer                                         : loaded 2 times (x 68B)
Class org.apache.commons.io.output.NullOutputStream                                   : loaded 2 times (x 83B)
Class org.gradle.internal.service.ServiceLocator                                      : loaded 2 times (x 68B)
Class Settings_gradle$1                                                               : loaded 2 times (x 72B)
Class net.rubygrapefruit.platform.internal.Platform$Linux                             : loaded 2 times (x 81B)
Class com.google.common.collect.ImmutableRangeSet$1                                   : loaded 2 times (x 169B)
Class com.google.common.util.concurrent.SettableFuture                                : loaded 2 times (x 95B)
Class net.rubygrapefruit.platform.NativeException                                     : loaded 2 times (x 80B)
Class net.rubygrapefruit.platform.Native                                              : loaded 2 times (x 69B)
Class com.google.common.io.Files$2                                                    : loaded 2 times (x 74B)
Class com.google.common.collect.ImmutableMapEntry                                     : loaded 2 times (x 83B)
Class com.google.common.reflect.Types$ParameterizedTypeImpl                           : loaded 2 times (x 79B)
Class com.google.common.collect.Maps$EntryFunction                                    : loaded 2 times (x 89B)
Class net.rubygrapefruit.platform.internal.Platform$Window32Bit                       : loaded 2 times (x 77B)
Class com.google.common.io.ByteStreams                                                : loaded 2 times (x 69B)
Class com.google.common.base.CharMatcher$Invisible                                    : loaded 2 times (x 110B)
Class com.google.common.base.Joiner$1                                                 : loaded 2 times (x 78B)
Class com.google.common.collect.MapMaker                                              : loaded 2 times (x 70B)
Class com.google.common.base.Joiner$2                                                 : loaded 2 times (x 77B)
Class com.google.common.collect.HashBiMap                                             : loaded 2 times (x 141B)
Class com.google.common.reflect.Types$JavaVersion$1                                   : loaded 2 times (x 81B)
Class com.google.common.base.CharMatcher$FastMatcher                                  : loaded 2 times (x 109B)
Class com.google.common.reflect.Types$JavaVersion$2                                   : loaded 2 times (x 81B)
Class com.google.common.reflect.Types$JavaVersion$3                                   : loaded 2 times (x 81B)
Class org.gradle.internal.classpath.DefaultClassPath$ImmutableUniqueList              : loaded 2 times (x 159B)
Class com.google.common.reflect.Types$JavaVersion$4                                   : loaded 2 times (x 81B)
Class com.google.common.reflect.Types$JavaVersion$5                                   : loaded 2 times (x 69B)
Class com.google.common.base.CharMatcher$JavaLetter                                   : loaded 2 times (x 109B)
Class org.gradle.internal.classpath.TransformedClassPath                              : loaded 2 times (x 94B)
Class com.google.common.collect.MapDifference                                         : loaded 2 times (x 68B)
Class com.google.common.reflect.TypeToken$SimpleTypeToken                             : loaded 2 times (x 71B)
Class com.google.common.io.ByteSource$EmptyByteSource                                 : loaded 2 times (x 83B)
Class com.google.common.collect.Sets$1                                                : loaded 2 times (x 137B)
Class com.google.common.collect.Sets$2                                                : loaded 2 times (x 137B)
Class com.google.common.util.concurrent.AbstractFuture$Trusted                        : loaded 2 times (x 68B)
Class com.google.common.collect.Sets$3                                                : loaded 2 times (x 137B)
Class com.google.common.graph.SuccessorsFunction                                      : loaded 2 times (x 68B)
Class com.google.common.collect.Sets$4                                                : loaded 2 times (x 137B)
Class com.google.common.reflect.Types$NativeTypeVariableEquals                        : loaded 2 times (x 69B)
Class Settings_gradle                                                                 : loaded 2 times (x 126B)
Class com.google.common.io.ByteSink                                                   : loaded 2 times (x 74B)
Class com.google.common.collect.AbstractMapBasedMultimap$WrappedCollection$WrappedIterator: loaded 2 times (x 82B)
Class org.objectweb.asm.MethodWriter                                                  : loaded 2 times (x 104B)
Class com.google.common.collect.Platform                                              : loaded 2 times (x 69B)
Class com.google.common.collect.ImmutableAsList                                       : loaded 2 times (x 169B)
Class com.google.common.util.concurrent.ExecutionError                                : loaded 2 times (x 80B)
Class com.google.common.io.ByteSink$AsCharSink                                        : loaded 2 times (x 78B)
Class com.google.common.base.Equivalence$Identity                                     : loaded 2 times (x 80B)
Class com.google.common.base.CharMatcher$AnyOf                                        : loaded 2 times (x 110B)
Class com.google.common.base.CharMatcher$IsEither                                     : loaded 2 times (x 109B)
Class com.google.common.collect.AbstractIterator$1                                    : loaded 2 times (x 69B)
Class com.google.common.io.CharSource                                                 : loaded 2 times (x 83B)
Class com.google.common.cache.LocalCache                                              : loaded 2 times (x 185B)
Class com.google.common.collect.ImmutableRangeSet$Builder                             : loaded 2 times (x 75B)
Class org.apache.commons.io.IOCase                                                    : loaded 2 times (x 78B)
Class com.google.common.collect.RegularImmutableList                                  : loaded 2 times (x 172B)
Class com.google.common.util.concurrent.AbstractFuture$UnsafeAtomicHelper$1           : loaded 2 times (x 74B)
Class com.google.common.base.CharMatcher$JavaUpperCase                                : loaded 2 times (x 109B)
Class com.google.common.collect.Multiset                                              : loaded 2 times (x 68B)
Class com.google.common.collect.ImmutableSet$CachingAsList                            : loaded 2 times (x 145B)
Class com.google.common.reflect.Invokable$ConstructorInvokable                        : loaded 2 times (x 103B)
Class org.objectweb.asm.MethodVisitor                                                 : loaded 2 times (x 103B)
Class com.google.common.collect.AbstractMapBasedMultimap$KeySet$1                     : loaded 2 times (x 80B)
Class com.google.common.collect.ImmutableMapEntry$NonTerminalImmutableMapEntry        : loaded 2 times (x 83B)
Class com.google.common.collect.AbstractMapBasedMultimap                              : loaded 2 times (x 137B)


---------------  S Y S T E M  ---------------

OS:
 Windows 11 , 64 bit Build 22621 (10.0.22621.4391)
OS uptime: 1 days 13:01 hours
Hyper-V role detected

CPU: total 16 (initial active 16) (8 cores per cpu, 2 threads per core) family 6 model 183 stepping 1 microcode 0x125, cx8, cmov, fxsr, ht, mmx, 3dnowpref, sse, sse2, sse3, ssse3, sse4.1, sse4.2, popcnt, lzcnt, tsc, tscinvbit, avx, avx2, aes, erms, clmul, bmi1, bmi2, adx, sha, fma, vzeroupper, clflush, clflushopt, clwb, hv
Processor Information for processor 0
  Max Mhz: 2400, Current Mhz: 2400, Mhz Limit: 2400
Processor Information for processor 1
  Max Mhz: 2400, Current Mhz: 2400, Mhz Limit: 2400
Processor Information for processor 2
  Max Mhz: 2400, Current Mhz: 2400, Mhz Limit: 2400
Processor Information for processor 3
  Max Mhz: 2400, Current Mhz: 1520, Mhz Limit: 2400
Processor Information for processor 4
  Max Mhz: 2400, Current Mhz: 2400, Mhz Limit: 2400
Processor Information for processor 5
  Max Mhz: 2400, Current Mhz: 2400, Mhz Limit: 2400
Processor Information for processor 6
  Max Mhz: 2400, Current Mhz: 2400, Mhz Limit: 2400
Processor Information for processor 7
  Max Mhz: 2400, Current Mhz: 2400, Mhz Limit: 2400
Processor Information for processor 8
  Max Mhz: 2400, Current Mhz: 2400, Mhz Limit: 2400
Processor Information for processor 9
  Max Mhz: 2400, Current Mhz: 2400, Mhz Limit: 2400
Processor Information for processor 10
  Max Mhz: 2400, Current Mhz: 2400, Mhz Limit: 2400
Processor Information for processor 11
  Max Mhz: 2400, Current Mhz: 2400, Mhz Limit: 2400
Processor Information for processor 12
  Max Mhz: 2400, Current Mhz: 2400, Mhz Limit: 2400
Processor Information for processor 13
  Max Mhz: 2400, Current Mhz: 2400, Mhz Limit: 2400
Processor Information for processor 14
  Max Mhz: 2400, Current Mhz: 2400, Mhz Limit: 2400
Processor Information for processor 15
  Max Mhz: 2400, Current Mhz: 2400, Mhz Limit: 2400

Memory: 4k page, system-wide physical 20255M (740M free)
TotalPageFile size 33255M (AvailPageFile size 151M)
current process WorkingSet (physical memory assigned to process): 776M, peak: 794M
current process commit charge ("private bytes"): 908M, peak: 1133M

vm_info: OpenJDK 64-Bit Server VM (17.0.11+0--11852314) for windows-amd64 JRE (17.0.11+0--11852314), built on May 16 2024 21:29:20 by "androidbuild" with MS VC++ 16.10 / 16.11 (VS2019)

END.
